t,u,reaTRoo_y,weaSta_reaWeaTDryBul_y,weaSta_reaWeaHDirNor_y,weaSta_reaWeaNTot_y,weaSta_reaWeaRelHum_y,weaSta_reaWeaSolAlt_y
866700.0,0.9823674248511527,294.9236963492917,281.5161576704545,0.0,0.22227678571428566,0.888625,-1.0660860686414808
867600.0,0.18461008213012065,295.94616975360964,281.34999999999997,0.0,0.1,0.89,-1.0650967572182797
868500.0,0.23421253314124138,295.7973624005763,281.1795454545454,0.0,0.03772321428571429,0.8887053571428571,-1.0589807115794136
869400.0,0.39340090511992304,295.31979728464023,280.99848484848485,0.0,0.019642857142857153,0.886547619047619,-1.047927218562677
870300.0,0.43788834829581447,295.18633495511256,280.8181818181818,0.0,0.04174107142857145,0.8836160714285715,-1.0322573013799992
871200.0,0.09194482746933848,295.224165517592,280.65,0.0,0.1,0.88,-1.012383701730549
872100.0,0.24663247758174595,294.76010256725476,280.496875,0.0,0.1953125,0.8735714285714287,-0.9887677311971221
873000.0,0.3420578050070162,294.47382658497895,280.3583333333333,0.0,0.3125,0.8642857142857143,-0.9618816161610781
873900.0,0.34628028931122873,294.4611591320663,280.24062499999997,0.0,0.4234374999999999,0.8553571428571429,-0.9321808164406113
874800.0,0.6633347160362746,294.5099958518912,280.15,0.0,0.5,0.85,-0.9000869264244193
875700.0,0.4964754072426179,295.01057377827215,280.1348214285714,0.0,0.55,0.85166015625,-0.8659794230368427
876600.0,0.38384369441659294,295.3484689167502,280.1928571428571,0.0,0.6000000000000001,0.85859375,-0.8301937126815417
877500.0,0.3819903943639247,295.3540288169082,280.2544642857143,0.0,0.65,0.86623046875,-0.7930230856831835
878400.0,0.06760851410645803,295.2971744576806,280.25,0.0,0.7000000000000001,0.87,-0.7547227436852486
879300.0,0.24205522727258236,294.77383431818225,280.18095238095236,0.0,0.7546875000000001,0.8685546875,-0.7155146664903453
880200.0,0.3366726385075177,294.48998208447745,280.1015873015873,0.0,0.8125,0.865,-0.6755925745216502
881100.0,0.3396121404872853,294.48116357853814,280.02142857142854,0.0,0.8640625000000001,0.8614453125,-0.6351265878288257
882000.0,0.6564074792847425,294.5307775621458,279.95,0.0,0.9,0.86,-0.5942674022722723
882900.0,0.4896708930990977,295.0309873207027,279.886328125,0.0,0.9140625,0.8619496783088235,-0.5531499322587279
883800.0,0.3792705664033065,295.3621883007901,279.8274305555555,0.0,0.9125000000000001,0.8665533088235294,-0.5118964382752789
884700.0,0.3809239749892299,295.3572280750323,279.7798177083333,0.0,0.9046875000000001,0.8728802849264706,-0.4706191896962344
885600.0,0.06684954712958793,295.29945135861124,279.75,0.0,0.9,0.88,-0.42942272449625074
886500.0,0.24013510747524452,294.77959467757427,279.77666015625,0.0,0.909375,0.8935324754901961,-0.38840576733883125
887400.0,0.3324998482172153,294.50250045534835,279.86484375,0.0,0.925,0.9147140522875817,-0.34766286179125516
888300.0,0.33517589925880503,294.4944723022236,279.97060546874997,0.0,0.9281250000000001,0.9360386029411766,-0.30728576438713495
889200.0,0.6481567663478623,294.5555297009564,280.04999999999995,0.0,0.9,0.9500000000000001,-0.2673646396248823
890100.0,0.4940204933438773,295.01793851996837,280.088671875,0.0,0.828125,0.9430095108695652,-0.22798908657694428
891000.0,0.38109752578319933,295.3567074226504,280.1015625,0.0,0.7250000000000001,0.9177475845410628,-0.1892490199173238
891900.0,0.3774384621061131,295.36768461368166,280.088671875,0.0,0.6093750000000002,0.8911118659420291,-0.15123542092654407
892800.0,0.0659026640370636,295.3022920078888,280.04999999999995,0.0,0.5,0.88,-0.11404096736132474
893700.0,0.24560379639448607,294.76318861081654,279.86125344669114,0.0,0.38125000000000003,0.8920652173913044,-0.07776054490720075
894600.0,0.34502607196913004,294.4649217840926,279.5065716911765,0.0,0.25000000000000006,0.9148913043478261,-0.042491637216864664
895500.0,0.35117424963387595,294.4464772510984,279.1486040900735,0.0,0.14375000000000004,0.9352717391304348,-0.00833458628131667
896400.0,0.6682094657303044,294.4953716028091,278.95,0.0,0.1,0.9400000000000001,0.024607289819302602
897300.0,0.5001039828795607,294.9996880513613,278.91806722689074,0.0,0.14375000000000002,0.9325,0.05622773868397557
898200.0,0.38725721189257456,295.3382283643223,278.94621848739496,0.0,0.25,0.925,0.08641779464475752
899100.0,0.3869838583700963,295.3390484248897,279.0262605042017,0.0,0.38125,0.9175,0.11506620021899328
900000.0,0.07296256965154649,295.28111229104536,279.15,0.0,0.5,0.91,0.1420600483451897
900900.0,0.24802608518374805,294.75592174444876,279.3459821428571,0.0,0.609375,0.9025,0.16728566237833697
901800.0,0.3349280573894096,294.49521582783177,279.59642857142853,0.0,0.7250000000000001,0.895,0.19062972414339008
902700.0,0.32710392719362363,294.51868821841913,279.82366071428567,0.0,0.828125,0.8875000000000001,0.21198064997185306
903600.0,0.6341225740022385,294.5976322779933,279.95,0.0,0.9,0.88,0.23123020046496223
904500.0,0.4622914776124958,295.1131255671625,279.96875,0.0,0.9281250000000001,0.87630859375,0.24827529213329114
905400.0,0.35205195497527103,295.4438441350742,279.95,0.0,0.925,0.87765625,0.26301995911955256
906300.0,0.3521577354783668,295.4435267935649,279.93125,0.0,0.909375,0.8801757812500001,0.2753773927324896
907200.0,0.03553247534057391,295.3934025739783,279.95,0.0,0.9,0.88,0.28527196800724086
909900.0,0.5733462798476314,293.7799611604571,280.09999999999997,0.0,0.9,0.8566210937500001,0.2996284439378014
910800.0,0.733118672517719,294.30064398244684,280.15,0.0,0.9,0.85,0.29920032659752605
911700.0,0.40749858292978536,295.27750425121064,280.2,0.0,0.9,0.85236328125,0.29615573046735166
912600.0,0.2729711740073336,295.681086477978,280.25,0.0,0.9,0.86234375,0.29051494363654484
913500.0,0.2967043637238286,295.6098869088285,280.29999999999995,15.307744565217394,0.9,0.8711523437500001,0.2823150497415696
914400.0,0.0,295.58256254746016,280.34999999999997,52.9039855072464,0.9,0.87,0.271608856843766
917100.0,0.26635472157056483,294.7009358352883,280.78125,186.86636390708753,0.6785156250000001,0.8148632812500001,0.22518361352461413
918000.0,0.4908926757327852,295.02732197280164,280.84999999999997,231.86827476672624,0.6000000000000001,0.8,0.2052378782245341
918900.0,0.21487781994839375,295.8553665401548,280.84999999999997,276.6860482430018,0.5470703125,0.79,0.18322615125906982
919800.0,0.06705318821828617,296.29884043534514,280.84999999999997,318.0,0.49843750000000003,0.78,0.15925801565360054
920700.0,0.07838631577050137,296.2648410526885,280.84999999999997,341.71881538933684,0.45058593750000003,0.77,0.1334458517378898
921600.0,0.0,296.1773053920235,280.84999999999997,340.5446949195101,0.4,0.76,0.10590330224382893
924300.0,0.0,295.8739473049246,280.84999999999997,226.61217540733196,0.16269531250000005,0.73,0.014023259617297112
927000.0,0.4856512731827062,295.0430461804519,280.63382352941176,0.0,0.2668560606060606,0.7173611111111111,-0.08944170458887779
927900.0,0.3811768949921467,295.35646931502356,280.4380514705882,0.0,0.4174005681818182,0.72359375,-0.1260196294414173
928800.0,0.0,295.6940090431184,280.25,0.0,0.5,0.73,-0.1634787578788377
931500.0,0.3227114910278033,294.5318655269166,279.55294117647054,0.0,0.3983664772727273,0.7543333333333334,-0.280210019310825
932400.0,0.6112691922620949,294.6661924232137,279.45,0.0,0.4,0.76,-0.32026842939446265
933300.0,0.402546346028051,295.29236096191585,279.47483108108105,0.0,0.46328125000000003,0.7604732142857142,-0.3607507287161602
934200.0,0.2725799205163639,295.6822602384509,279.55788288288284,0.0,0.55625,0.7569285714285714,-0.4015660096384759
935100.0,0.2771112746648517,295.66866617600544,279.6619932432432,0.0,0.64609375,0.7524196428571429,-0.442621352817159
936000.0,0.0,295.58399689063504,279.75,0.0,0.7000000000000001,0.75,-0.48382056397820694
938700.0,0.39636314533606765,294.3109105639918,279.9137403474903,0.0,0.6878125,0.7619866071428572,-0.6072375472450227
939600.0,0.645450103423362,294.5636496897299,279.95,0.0,0.7000000000000001,0.77,-0.6479274997863391
940500.0,0.4073633509135182,295.27790994725945,279.5900744047619,0.0,0.7418750000000001,0.7932198660714286,-0.6881696517219695
941400.0,0.2825564344709619,295.6523306965871,278.75876984126984,0.0,0.7983333333333333,0.8333482142857144,-0.727806456247059
942300.0,0.3090999103684074,295.5727002688948,277.92308035714285,0.0,0.8556250000000001,0.871802455357143,-0.7666595536857623
943200.0,0.015835956828937015,295.4524921295132,277.54999999999995,0.0,0.9,0.89,-0.804525449503219
945900.0,0.5096208793559072,293.9711373619323,278.37234502032516,0.0,0.92875,0.8409319196428571,-0.9096876830449037
946800.0,0.7081706962094547,294.37548791137164,278.54999999999995,0.0,0.9,0.8300000000000001,-0.9409015179242108
947700.0,0.4237049399112796,295.22888518026616,278.59588414634146,0.0,0.8257142857142856,0.8280275974025975,-0.9695752670476576
948600.0,0.2892311692416077,295.6323064922752,278.62967479674796,0.0,0.7085714285714286,0.8268831168831169,-0.9952759862993354
949500.0,0.31440811078865255,295.55677566763404,278.62362804878046,0.0,0.5871428571428572,0.827297077922078,-1.0175425619252452
950400.0,0.016605864795489346,295.45018240561353,278.54999999999995,0.0,0.5,0.8300000000000001,-1.0359063760509204
953100.0,0.5535957265230043,293.839212820431,277.98125,0.0,0.43479352678571437,0.8571342329545455,-1.0634917449406864
954000.0,0.746880150674239,294.2593595479773,277.84999999999997,0.0,0.4,0.86,-1.0626356491662126
954900.0,0.4482945326531838,295.15511640204045,277.79023437499995,0.0,0.31632254464285714,0.85646484375,-1.056667894538129
955800.0,0.3112883123257385,295.5661350630228,277.7517361111111,0.0,0.19665178571428568,0.85078125,-1.0457719070708111
956700.0,0.3422711316926931,295.4731866049219,277.7123697916666,0.0,0.07865513392857144,0.84470703125,-1.0302624228445207
957600.0,0.047010146600579596,295.35896956019826,277.65,0.0,0.0,0.84,-1.010546388533431
958500.0,0.22676310235442543,294.8197106929367,277.546484375,0.0,0.0,0.8366914062499999,-0.9870804324291629
959400.0,0.3226614140379903,294.53201575788603,277.421875,0.0,0.0,0.83378125,-0.960333455244645
960300.0,0.3248748547341241,294.5253754357976,277.311328125,0.0,0.041517857142857106,0.83148046875,-0.9307588927362609
961200.0,0.6407705531299067,294.5776883406103,277.25,0.0,0.1,0.8300000000000001,-0.8987773891316868
962100.0,0.47108923639986716,295.0867322908004,277.22499999999997,0.0,0.2057142857142857,0.83303125,-0.8647682622393966
963000.0,0.3627788839863986,295.4116633480408,277.2,0.0,0.3628571428571428,0.84075,-0.8290672859922243
963900.0,0.36656673119754635,295.40029980640736,277.17499999999995,0.0,0.5135714285714286,0.8480937500000001,-0.7919684317914704
964800.0,0.058210936453349404,295.32536719063995,277.15,0.0,0.6000000000000001,0.85,-0.7537277402240821
965700.0,0.23822119095016583,294.7853364271495,277.125,0.0,0.5590625,0.84609375,-0.714568082544841
966600.0,0.3361227144844179,294.49163185654675,277.09999999999997,0.0,0.42250000000000015,0.8404166666666667,-0.6746840567163344
967500.0,0.3371369357121428,294.48858919286357,277.075,0.0,0.2746875000000002,0.8345312500000001,-0.6342466078306699
968400.0,0.6519081577875454,294.54427552663736,277.04999999999995,0.0,0.2,0.8300000000000001,-0.5934071844972806
969300.0,0.4857743868395801,295.04267683948126,277.05859375,0.0,0.233125,0.826796875,-0.5523013738668014
970200.0,0.3776605900401364,295.3670182298796,277.10625,0.0,0.31500000000000006,0.8239583333333333,-0.5110520288722658
971100.0,0.3796732653876612,295.360980203837,277.15078124999997,0.0,0.389375,0.821640625,-0.469771935060161
972000.0,0.0696356452500595,295.2910930642498,277.15,0.0,0.4,0.8200000000000001,-0.4285660766635355
972900.0,0.2481133893234831,294.75565983202955,277.07845982142857,0.0,0.3176785714285715,0.8207924107142857,-0.3875335621724696
973800.0,0.3448898563609456,294.46533043091716,276.9633928571428,0.0,0.1871428571428572,0.8241964285714286,-0.3467692644486322
974700.0,0.34897426095185813,294.4530772171444,276.8416294642857,0.0,0.0630357142857143,0.8280022321428571,-0.30636522272917577
975600.0,0.6643422633024632,294.5069732100926,276.75,0.0,0.0,0.8300000000000001,-0.26641184544052887
976500.0,0.49856224689256123,295.0043132593223,276.6950892857143,0.0,0.0,0.8268415178571429,-0.22699894445509328
977400.0,0.39122340670943834,295.3263297798717,276.65119047619044,0.0,0.0,0.8195535714285714,-0.1882166236304914
978300.0,0.3952423511135331,295.3142729466594,276.6066964285714,0.0,0.0,0.8124888392857144,-0.15015603725967241
979200.0,0.08427435454037398,295.2471769363789,276.54999999999995,0.0,0.0,0.81,-0.11291002740062561
980100.0,0.2637328111760174,294.70880156647195,276.4625,0.0,0.016264204545454543,0.8148632812500001,-0.07657364287879909
981000.0,0.3613563786320242,294.4159308641039,276.34999999999997,0.0,0.03920454545454544,0.82421875,-0.04124453701582875
981900.0,0.3617875986886929,294.4146372039339,276.23749999999995,0.0,0.06754261363636362,0.83396484375,-0.007023235844060283
982800.0,0.6758758526412217,294.47237244207633,276.15,0.0,0.1,0.84,0.025986736189583803
983700.0,0.5104723939545768,294.96858281813627,276.10749999999996,0.0,0.1946969696969697,0.84228515625,0.057678890042829334
984600.0,0.4015609162787162,295.29531725116385,276.1033333333333,0.0,0.3601010101010101,0.84328125,0.08794398538768289
985500.0,0.40055181196805734,295.2983445640958,276.1225,10.700000000000001,0.5204545454545454,0.84263671875,0.11667044482245092
986400.0,0.07694076998075161,295.26917769005775,276.15,37.45000000000001,0.6000000000000001,0.84,0.1437449897762697
987300.0,0.23571935616140155,294.7928419315158,276.1915625,72.22500000000002,0.5375,0.8353125,0.16905351558761383
988200.0,0.30688122140535745,294.5793563357839,276.2675,107.0,0.3777777777777778,0.82875,0.19248221664278953
989100.0,0.2763896732849389,294.6708309801452,276.3846875,156.68735632183908,0.20416666666666675,0.8203125,0.2139189621274722
990000.0,0.547450647643321,294.85764805707004,276.54999999999995,225.23295019157086,0.1,0.81,0.23325490874169486
990900.0,0.31176858950937003,295.5646942314719,276.84479166666665,288.1620689655173,0.06354166666666668,0.79658203125,0.250386319028284
991800.0,0.15351812739436355,296.0394456178169,277.26944444444445,321.0,0.044444444444444446,0.78046875,0.2652165338151897
992700.0,0.1392750992627422,296.0821747022118,277.70937499999997,299.5178801295054,0.05312499999999999,0.76412109375,0.27765802648539784
993600.0,0.0,295.9631551974203,278.04999999999995,236.2469140618228,0.1,0.75,0.28763444788414416
996300.0,0.16246159649563197,295.0126152105131,278.6880208333333,77.51394803215267,0.4901515151515152,0.7236077008928571,0.3022163013511152
997200.0,0.49993824000040377,295.0001852799988,278.75,58.23025659252778,0.6000000000000001,0.72,0.3018545713307217
998100.0,0.316983478482219,295.54904956455334,278.75,48.33143685663901,0.6627130681818182,0.722857142857143,0.2988711935441166
999000.0,0.20558900918494297,295.88323297244517,278.75,47.0,0.6960227272727273,0.7314285714285714,0.29328613478575116
999900.0,0.1897858449472475,295.93064246515826,278.75,111.76827895378887,0.7063210227272728,0.7392857142857143,0.28513627547940823
1000800.0,0.0,296.0680003557808,278.75,250.03565223527988,0.7000000000000001,0.74,0.2744743395742817
1003500.0,0.0,296.3106587946469,278.75,369.6235052836485,0.2682091346153847,0.725,0.22814801534871276
1006200.0,0.30498638347429124,295.5850408495771,278.88124999999997,0.0,0.5567307692307691,0.71,0.16227594039493365
1007100.0,0.26920506214325235,295.69238481357024,278.98203125,0.0,0.7931490384615384,0.705,0.13647327612088622
1008000.0,0.0,295.91259245481035,279.04999999999995,0.0,0.9,0.7000000000000001,0.10893678145369234
1010700.0,0.12468496560294776,295.12594510319116,279.14140625,0.0,0.9,0.685,0.01705863991383305
1011600.0,0.4749253031318782,295.07522409060437,279.15,0.0,0.9,0.68,-0.016287265789701078
1012500.0,0.32770117443682995,295.5168964766895,279.15,0.0,0.9,0.67671875,-0.05081447875958145
1013400.0,0.24805066875592274,295.75584799373223,279.15,0.0,0.9,0.67625,-0.0864201757147256
1014300.0,0.25204323272030627,295.7438703018391,279.15,0.0,0.9,0.67765625,-0.12300449585773743
1015200.0,0.0,295.6873844524079,279.15,0.0,0.9,0.68,-0.1604703717462479
1017900.0,0.3165853984414942,294.5502438046755,279.15,0.0,0.9,0.693828125,-0.2772212089546846
1018800.0,0.5974301111395258,294.7077096665814,279.15,0.0,0.9,0.7000000000000001,-0.31728509292506435
1019700.0,0.39021699813601646,295.32934900559195,279.103125,0.0,0.9,0.709296875,-0.35777196961440016
1020600.0,0.26723117320887013,295.6983064803734,279.0,0.0,0.9,0.721875,-0.3985907333329295
1021500.0,0.27142968083645275,295.68571095749064,278.89687499999997,0.0,0.9,0.733515625,-0.4396482831904871
1022400.0,0.0,295.5928006883819,278.84999999999997,0.0,0.9,0.74,-0.48084826162655503
1025100.0,0.40984225612760383,294.2704732316172,278.84999999999997,0.0,0.9,0.7239955357142857,-0.6042576445780976
1026000.0,0.6552398052096274,294.5342805843711,278.84999999999997,0.0,0.9,0.72,-0.6449415228627267
1026900.0,0.4131909695993272,295.260427091202,278.84999999999997,0.0,0.9,0.7198325892857144,-0.6851758516424957
1027800.0,0.27995669137091755,295.66012992588725,278.84999999999997,0.0,0.9,0.7202678571428571,-0.724803230524286
1028700.0,0.29433911542878377,295.61698265371365,278.84999999999997,0.0,0.9,0.7205691964285714,-0.7636455845405803
1029600.0,0.0,295.52978505640783,278.84999999999997,0.0,0.9,0.72,-0.8014998933309134
1032300.0,0.46917622554258287,294.09247132337225,278.934375,0.0,0.9,0.711328125,-0.9066313588376249
1033200.0,0.6915293586951066,294.4254119239147,278.95,0.0,0.9,0.71,-0.9378413150122356
1034100.0,0.42626150638915306,295.22121548083254,278.94093749999996,0.0,0.775,0.710859375,-0.9665181878327291
1035000.0,0.2929047489846539,295.62128575304604,278.91749999999996,0.0,0.5000000000000001,0.713125,-0.9922321536089886
1035900.0,0.314350873169,295.556947380493,278.8853125,0.0,0.2250000000000001,0.716328125,-1.0145256278117198
1036800.0,0.01338267991146343,295.4598519602656,278.84999999999997,0.0,0.1,0.72,-1.0329335946599212
1039500.0,0.5320194725706717,293.903941582288,278.68874999999997,0.0,0.7749999999999999,0.7353281250000001,-1.0607795886531495
1040400.0,0.7314738544815402,294.3055784365554,278.65,0.0,0.9,0.74,-1.0600529717684024
1041300.0,0.4400484839685153,295.17985454809445,278.65156249999995,0.0,0.9,0.74178125,-1.0542306379000403
1042200.0,0.2996224671883283,295.601132598435,278.6875,0.0,0.9,0.74075,-1.043490242167743
1043100.0,0.32561643485181924,295.52315069544454,278.72968749999995,0.0,0.9,0.7393437500000001,-1.0281402227539238
1044000.0,0.028690637494851973,295.41392808751544,278.75,0.0,0.9,0.74,-1.00858163325444
1046700.0,0.569596806367978,293.79120958089607,278.69656249999997,0.0,0.9,0.76521875,-0.9292126213274465
1047600.0,0.7549238169918528,294.23522854902444,278.65,0.0,0.9,0.78,-0.8973451339865823
1048500.0,0.4479377552342119,295.15618673429736,278.5720673076923,0.0,0.9,0.802046875,-0.8634360909124559
1049400.0,0.31084496918900106,295.567465092433,278.46384615384613,0.0,0.9,0.831125,-0.827821544325706
1050300.0,0.34244193411041124,295.47267419766877,278.3487019230769,0.0,0.9,0.8596406249999999,-0.790796083528837
1051200.0,0.046678048460269864,295.3599658546192,278.25,0.0,0.9,0.88,-0.7526165459564744
1052100.0,0.22435445152283742,294.8269366454315,278.17496995192306,0.0,0.915625,0.892734375,-0.7135066683258318
1053000.0,0.319911019301685,294.54026694209495,278.1242788461538,0.0,0.9500000000000001,0.9035416666666667,-0.6736619119397291
1053900.0,0.3215379809288379,294.5353860572135,278.1114483173077,0.0,0.984375,0.912578125,-0.6332540410672141
1054800.0,0.6326121976368692,294.6021634070894,278.15,0.0,1.0,0.92,-0.5924352569060494
1055700.0,0.46391650996065437,295.10825047011804,278.26908052884613,0.0,1.0,0.9265000000000001,-0.5513418229705587
1056600.0,0.3551258338570354,295.4346224984289,278.47379807692306,0.0,1.0,0.9323333333333333,-0.5100971906738132
1057500.0,0.3544341449637992,295.4366975651086,278.74161658653844,0.0,1.0,0.937,-0.4688146692412367
1058400.0,0.0387626152815604,295.3837121541553,279.04999999999995,0.0,1.0,0.9400000000000001,-0.427599697515626
1061100.0,0.5823090496201075,293.7530728511397,280.10965831043956,0.0,1.0,0.9365078124999999,-0.3053350517658331
1062000.0,0.7538833087348848,294.23835007379535,280.45,0.0,1.0,0.93,-0.26534924035633334
1062900.0,0.4320877447556389,295.2037367657331,280.79430803571427,0.0,1.0,0.9207734375,-0.22589871734084643
1063800.0,0.2937892917649947,295.618632124705,281.13660714285714,0.0,1.0,0.9101875,-0.18707378511307637
1064700.0,0.31815614750119414,295.5455315574964,281.4106026785714,0.0,1.0,0.8995078125000001,-0.14896578056357646
1065600.0,0.017759546066524003,295.4467213618004,281.54999999999995,0.0,1.0,0.89,-0.1116677199859537
1068300.0,0.5350425503956254,293.8948723488131,281.7,0.0,1.0,0.866375,-0.005598760285726367
1069200.0,0.727819102509026,294.3165426924729,281.75,0.0,1.0,0.86,0.027479945610838996
1070100.0,0.4239717113169566,295.22808486604913,281.809375,0.0,1.0,0.8552500000000001,0.059244446419800534
1071000.0,0.28975338144683366,295.6307398556595,281.875,0.0,1.0,0.8523333333333334,0.08958521237718076
1071900.0,0.3139155647213177,295.55825330583605,281.92812499999997,0.0,1.0,0.85075,0.11839033024005108
1072800.0,0.010817601228836793,295.4675471963135,281.95,0.0,1.0,0.85,0.14554613286301943
1075500.0,0.5239573940059092,293.9281278179823,281.809375,0.0,1.0,0.8561704545454545,0.2159747104862908
1076400.0,0.7184594512023068,294.3446216463931,281.75,0.0,1.0,0.86,0.23539725016459423
1077300.0,0.4163648247206879,295.25090552583794,281.7,0.0,1.0,0.8690795454545455,0.2526150357389412
1078200.0,0.2807850908854637,295.6576447273436,281.65,0.0,1.0,0.8836818181818182,0.2675306958265238
1079100.0,0.3017669165327182,295.59469925040185,281.59999999999997,0.0,1.0,0.8964431818181818,0.2800559685175352
1080000.0,0.0,295.5032617081758,281.54999999999995,0.0,1.0,0.9,0.2901137653825485
1082700.0,0.4843111732094485,294.04706648037165,282.0620192307692,0.0,1.0,0.862078125,0.3049183335987191
1083600.0,0.6836561464858733,294.4490315605424,282.25,0.0,1.0,0.85,0.30462167358772474
1084500.0,0.3881662558933764,295.33550123231987,282.37423076923073,0.0,1.0,0.84109375,0.30169798742406395
1085400.0,0.25479770253688605,295.73560689238934,282.4915384615384,0.0,1.0,0.8325,0.29616693116149695
1086300.0,0.2741136644973873,295.67765900650784,282.5880769230769,0.0,1.0,0.82515625,0.28806519707034206
1087200.0,0.0,295.59217349769136,282.65,0.0,1.0,0.8200000000000001,0.2774454439840157
1089900.0,0.42675782308759835,294.2197265307372,282.64142857142855,0.0,1.0,0.82140625,0.23121106013189885
1090800.0,0.6523401940116097,294.54297941796517,282.65,0.0,1.0,0.8200000000000001,0.2113076892651451
1091700.0,0.37917264874283774,295.3624820537715,282.6949776785714,0.0,1.0,0.8152343750000001,0.18932884314698462
1092600.0,0.2532646076219104,295.74020617713427,282.7580357142857,0.0,1.0,0.8093750000000001,0.16538493724491254
1093500.0,0.27213206652671335,295.68360380041986,282.81707589285713,0.0,1.0,0.803828125,0.13958923654301003
1094400.0,0.0,295.5981037446993,282.84999999999997,0.0,1.0,0.8,0.11205629288710028
1097100.0,0.4168207971937742,294.2495376084187,282.79408482142856,0.0,1.0,0.7925,0.02017292749568833
1098000.0,0.6487186069632571,294.55384417911023,282.75,0.0,1.0,0.79,-0.013178552146688727
1098900.0,0.38623388764110206,295.3412983370767,282.6785714285714,0.0,1.0,0.7875,-0.04771257879603885
1099800.0,0.2696297103695239,295.6911108688914,282.58095238095234,0.0,1.0,0.785,-0.08332596002959591
1100700.0,0.2915217733903811,295.62543467982886,282.49285714285713,0.0,1.0,0.7825,-0.11991849107781283
1101600.0,0.0,295.5334277411863,282.45,0.0,1.0,0.78,-0.15739278483710395
1104300.0,0.4724600575286407,294.0826198274141,282.5154411764706,0.0,1.0,0.7653860294117647,-0.27416725291240573
1105200.0,0.6880428649883849,294.43587140503485,282.54999999999995,0.0,1.0,0.76,-0.3142376161008462
1106100.0,0.4004904189155619,295.2985287432533,282.5935990021008,0.0,1.0,0.755640756302521,-0.35472988791482196
1107000.0,0.2663008833036997,295.7010973500889,282.6520483193277,0.0,1.0,0.7523949579831932,-0.3955527551083249
1107900.0,0.28932857122913447,295.6320142863126,282.7094734768907,0.0,1.0,0.750451680672269,-0.43661292482673764
1108800.0,0.0,295.539345274046,282.75,0.0,1.0,0.75,-0.4778138646640957
1111500.0,0.4857349438560732,294.0427951684318,281.8118303571428,0.0,1.0,0.8727415966386555,-0.6012147783970092
1112400.0,0.7033222603921747,294.3900332188235,281.65,0.0,1.0,0.9,-0.641891755143031
1113300.0,0.4130659976915088,295.2608020069255,281.6916294642857,0.0,1.0,0.9065106355042016,-0.6821171333199976
1114200.0,0.279173483512371,295.6624795494629,281.75089285714284,0.0,1.0,0.9121165966386555,-0.721733637639153
1115100.0,0.30115559225869976,295.5965332232239,281.80970982142856,0.0,1.0,0.9166642594537815,-0.7605634553099074
1116000.0,0.0,295.5084584222826,281.84999999999997,0.0,1.0,0.92,-0.798404017132023
1118700.0,0.4977534387707199,294.00673968368784,281.92499999999995,0.0,1.0,0.9289397321428571,-0.9034958271739746
1119600.0,0.7033460583127937,294.3899618250616,281.95,0.0,1.0,0.93,-0.9346980984981643
1120500.0,0.4092244581554117,295.27232662553376,281.97499999999997,0.0,1.0,0.93,-0.9633738759194572
1121400.0,0.2765221643365786,295.67043350699026,282.0,0.0,1.0,0.93,-0.9890964933894719
1122300.0,0.2998374700938484,295.60048758971845,282.025,0.0,1.0,0.93,-1.0114119666080144
1123200.0,0.00028248191241194337,295.49915255426276,282.04999999999995,0.0,1.0,0.93,-1.0298589960107067
1125900.0,0.4967640451030585,294.0097078646908,282.3178571428571,0.0,1.0,0.93,-1.0579510404855217
1126800.0,0.6983497936297832,294.40495061911065,282.45,0.0,1.0,0.93,-1.0573500305397006
1127700.0,0.4029734948960405,295.2910795153119,282.6121428571428,0.0,0.9884765625,0.9239903846153847,-1.051670076842516
1128600.0,0.26944206427996653,295.6916738071601,282.8085714285714,0.0,0.9609375,0.9098076923076923,-1.041083164406865
1129500.0,0.2897686382059229,295.63069408538223,283.00071428571425,0.0,0.9279296875,0.8932211538461539,-1.0258914366835241
1130400.0,0.0,295.54118625948934,283.15,0.0,0.9,0.88,-1.0064899698856236
1133100.0,0.46418888253805335,294.10743335238584,283.39,0.0,0.9024609375000001,0.868956043956044,-0.9275420428643804
1134000.0,0.6794408114710677,294.4616775655868,283.45,0.0,0.9,0.86,-0.8957900865378083
1134900.0,0.3962065146746454,295.31138045597606,283.508515625,0.0,0.7840625000000001,0.8402747252747252,-0.8619827436030096
1135800.0,0.2654092563488651,295.7037722309534,283.5527083333333,0.0,0.5441666666666668,0.8126373626373626,-0.8264562529243444
1136700.0,0.2863186267167824,295.64104411984965,283.570546875,0.0,0.30718750000000017,0.7836813186813187,-0.7895057557503486
1137600.0,0.0,295.546428679818,283.54999999999995,0.0,0.2,0.76,-0.7513888415048768
1140300.0,0.4755247831735119,294.07342565047946,282.75429687499997,0.0,0.7906250000000001,0.7072475961538461,-0.6321485386400285
1141200.0,0.6938647739248911,294.4184056782253,282.54999999999995,0.0,0.9,0.7000000000000001,-0.5913512788519246
1142100.0,0.40674782116578473,295.27975653650265,282.45,0.0,0.9,0.6975,-0.5502709538292883
1143000.0,0.2736911556152866,295.67892653315414,282.34999999999997,0.0,0.9,0.6950000000000001,-0.5090316184416297
1143900.0,0.29508927441033467,295.614732176769,282.25,0.0,0.9,0.6925,-0.46774711223698384
1144800.0,0.0,295.5167020957389,282.15,0.0,0.9,0.6900000000000001,-0.42652333631468586
1147500.0,0.5042398011365018,293.9872805965905,281.84999999999997,0.0,0.9,0.6825,-0.3041951074383049
1148400.0,0.7109137341594002,294.3672587975218,281.75,0.0,0.9,0.68,-0.2641767208299759
1149300.0,0.4317530527332565,295.20474084180023,281.599609375,0.0,0.9,0.6840625,-0.22468834416799854
1150200.0,0.29945285098972363,295.60164144703083,281.390625,0.0,0.9,0.6958333333333333,-0.18582048748545676
1151100.0,0.3232728628291473,295.53018141151256,281.186328125,0.0,0.9,0.7071875,-0.1476646796342762
1152000.0,0.02275330890601405,295.43174007328196,281.04999999999995,0.0,0.9,0.71,-0.11031412087713588
1154700.0,0.5699475699587613,293.7901572901237,280.8853515625,0.0,0.7312500000000001,0.68,-0.004061382185496676
1155600.0,0.7504095039545291,294.2487714881364,280.84999999999997,0.0,0.7000000000000001,0.67,0.029086645138848732
1156500.0,0.43480603496268105,295.19558189511196,280.82148437499995,0.0,0.7312500000000001,0.6627384868421052,0.06092408404718719
1157400.0,0.2992946625774948,295.6021160122675,280.79999999999995,0.0,0.8,0.6570248538011696,0.09134110070194557
1158300.0,0.3297325507762707,295.5108023476712,280.77851562499995,0.0,0.86875,0.6527987938596492,0.12022543022294374
1159200.0,0.029606985391808394,295.4111790438246,280.75,0.0,0.9,0.65,0.14746299993582812
1161900.0,0.5765828475246432,293.77025145742607,280.3884765625,0.0,0.9,0.7283552631578948,0.21814726342724478
1162800.0,0.7480835928206109,294.25574922153817,280.34999999999997,0.0,0.9,0.74,0.23765654205422004
1163700.0,0.42200232168255525,295.23399303495233,280.40449218749995,0.0,0.9,0.726046875,0.2549607086768986
1164600.0,0.28260034908434284,295.65219895274697,280.4890625,0.0,0.9,0.701125,0.26996166079025885
1165500.0,0.30826233730277863,295.57521298809166,280.5791015625,0.0,0.9,0.6756406250000001,0.2825703838018372
1166400.0,0.003207612197494806,295.4903771634075,280.65,0.0,0.9,0.66,0.29270903490426137
1169100.0,0.49759002419815107,294.00722992740555,280.7935546875,0.0,0.9,0.6403593750000001,0.3077335041063882
1170000.0,0.6862524280147682,294.4412427159557,280.84999999999997,0.0,0.9,0.64,0.3075005469941303
1170900.0,0.38141774443753695,295.3557467666874,280.91875,0.0,0.9,0.6425,0.304634976478918
1171800.0,0.2483197154095933,295.7550408537712,280.99583333333334,0.0,0.9,0.645,0.2991561486907428
1172700.0,0.26676230725130756,295.6997130782461,281.075,7.343750000000001,0.9,0.6475,0.29110058312220843
1173600.0,0.0,295.6515096377676,281.15,23.5,0.9,0.65,0.2805208928436411
1176300.0,0.3308802456002316,294.5073592631993,281.37421874999995,39.65625,0.7312500000000001,0.6575,0.23437134578607322
1177200.0,0.5847812789096452,294.74565616327106,281.34999999999997,23.5,0.7000000000000001,0.66,0.21448538186414545
1178100.0,0.3391916526880057,295.482425041936,281.275,7.343750000000007,0.728125,0.6578125,0.1925191450127337
1179000.0,0.23422495863508175,295.79732512409475,281.2,0.0,0.7916666666666667,0.65,0.1685835052094602
1179900.0,0.2562041968453741,295.7313874094639,281.125,0.0,0.859375,0.6421875,0.14279220589842345
1180800.0,0.0,295.65064914880014,281.04999999999995,0.0,0.9,0.64,0.1152602869311532
1183500.0,0.3805961840082924,294.3582114479751,280.825,0.0,0.93125,0.65546875,0.023364526652162487
1184400.0,0.6133053593105728,294.6600839220683,280.75,0.0,0.9,0.66,-0.009994727147045523
1185300.0,0.3737337122281777,295.37879886331547,280.5221217105263,0.0,0.8500000000000001,0.6626562500000001,-0.04453765016649758
1186200.0,0.2787593765990929,295.6637218702027,280.1006578947368,0.0,0.8,0.6645833333333333,-0.08016066969343272
1187100.0,0.31863027047218867,295.54410918858343,279.6538651315789,0.0,0.75,0.66671875,-0.11676322703322506
1188000.0,0.023753464104326362,295.428739607687,279.34999999999997,0.0,0.7000000000000001,0.67,-0.15424760638622215
1190700.0,0.5549544115162158,293.83513676545135,279.22453007518794,0.0,0.55,0.6914732142857143,-0.2710497400801686
1191600.0,0.7416613585569772,294.27501592432907,279.15,0.0,0.5,0.7000000000000001,-0.3111275778526832
1192500.0,0.43859858113180883,295.1842042566046,278.91813186813187,0.0,0.421875,0.7129017857142858,-0.351626051462099
1193400.0,0.3094526818279064,295.5716419545163,278.5840659340659,0.0,0.3083333333333334,0.7303571428571429,-0.3924536309044093
1194300.0,0.3441834760755379,295.4674495717734,278.282967032967,0.0,0.19062500000000016,0.7451339285714286,-0.4335168212629026
1195200.0,0.05028923363998198,295.34913229908005,278.15,0.0,0.1,0.75,-0.47471890407265294
1196100.0,0.21365488668830795,294.8590353399351,278.2368990384615,0.0,0.05,0.7403125,-0.5159584726772954
1197000.0,0.3056811086014098,294.58295667419577,278.4355769230769,0.0,0.03333333333333334,0.7208333333333333,-0.5571277219438917
1197900.0,0.3073946564926094,294.5778160305222,278.64146634615383,0.0,0.05000000000000002,0.6984375,-0.598110445078174
1198800.0,0.6190607820341635,294.6428176538975,278.75,0.0,0.1,0.68,-0.6387796840429911
1199700.0,0.4509461271752949,295.1471616184741,278.775,0.0,0.19062500000000002,0.6657589285714286,-0.6789949774122324
1200600.0,0.34422411850403023,295.4673276444879,278.79999999999995,0.0,0.30833333333333335,0.6520238095238095,-0.7185991543303745
1201500.0,0.3469257851728571,295.45922264448143,278.825,0.0,0.42187499999999994,0.6397767857142858,-0.7574146423318173
1202400.0,0.03340184365958976,295.39979446902123,278.84999999999997,0.0,0.5,0.63,-0.7952393010499397
1205100.0,0.5925204116076657,293.722438765177,278.92499999999995,0.0,0.65,0.6375000000000001,-0.9002826099518604
1206000.0,0.7685224547378386,294.1944326357865,278.95,0.0,0.7000000000000001,0.64,-0.9314734141585737
1206900.0,0.4485864875128603,295.1542405374614,278.9659375,0.0,0.7546875000000001,0.6336160714285715,-0.9601439038733992
1207800.0,0.310500849074837,295.5684974527755,278.9675,0.0,0.8125,0.6207142857142857,-0.9858706045719572
1208700.0,0.3427654700367005,295.4717035898899,278.9603125,0.0,0.8640625000000001,0.6074553571428571,-1.0082031978539883
1209600.0,0.04603582803205578,295.36189251590383,278.95,0.0,0.9,0.6,-1.026684207048251
1210500.0,0.225297251695243,294.82410824491427,278.90375,0.0,0.9140625,0.616484375,-1.0408785370630205
1211400.0,0.3199508530535127,294.54014744083946,278.82,0.0,0.9125000000000001,0.655625,-1.0504111688146192
1212300.0,0.3215581456712471,294.53532556298626,278.75124999999997,0.0,0.9046875000000001,0.694453125,-1.055007582088375
1213200.0,0.6334677697441672,294.5995966907675,278.75,0.0,0.9,0.71,-1.0545281825567767
1214100.0,0.4624023885043963,295.1127928344868,278.79999999999995,0.0,0.9,0.693828125,-1.0489874078194314
1215000.0,0.3540787972210258,295.4377636083369,278.84999999999997,0.0,0.9,0.663125,-1.0385516835585555
1215900.0,0.3564712924280305,295.4305861227159,278.9,0.0,0.9,0.6333593750000001,-1.0235168750608912
1216800.0,0.04558651842251038,295.36324044473247,278.95,0.0,0.9,0.62,-1.0042720104997076
1217700.0,0.2245776299916618,294.826267110025,279.0,0.0,0.9,0.62,-0.981258784573606
1218600.0,0.31949132244183903,294.5415260326745,279.04999999999995,0.0,0.9,0.62,-0.954935089099616
1219500.0,0.3200407611635872,294.53987771650924,279.09999999999997,0.0,0.9,0.62,-0.9257472748109983
1220400.0,0.6304913593841661,294.6085259218475,279.15,0.0,0.9,0.62,-0.8941122467055194
1221300.0,0.46192586299105187,295.11422241102684,279.1928125,0.0,0.9,0.62,-0.8604081264652002
1222200.0,0.3541722277543234,295.43748331673703,279.22249999999997,0.0,0.9,0.62,-0.8249712458100023
1223100.0,0.35565618701823115,295.4330314389453,279.2409375,0.0,0.9,0.62,-0.7880972293655817
1224000.0,0.04421378560103524,295.3673586431969,279.25,0.0,0.9,0.62,-0.7500443710186904
1224900.0,0.22313740943449525,294.8305877716965,279.22681818181815,0.0,0.915625,0.6284375,-0.711038050346227
1225800.0,0.319275055631806,294.5421748331046,279.1581818181818,0.0,0.9500000000000001,0.6491666666666668,-0.6712754038732673
1226700.0,0.3227104490350712,294.5318686528948,279.06045454545455,0.0,0.984375,0.6753125,-0.6309298090832467
1227600.0,0.6372651549320949,294.5882045352037,278.95,0.0,1.0,0.7000000000000001,-0.5901549655712452
1228500.0,0.47058109654227565,295.0882567103732,278.80069930069925,0.0,1.0,0.7222017045454545,-0.5490884952433368
1229400.0,0.36492158340297465,295.4052352497911,278.6048951048951,0.0,1.0,0.7450378787878787,-0.5078550603189056
1230300.0,0.3704607139459313,295.3886178581622,278.4066433566433,0.0,1.0,0.7678551136363636,-0.4665690364242647
1231200.0,0.060806605680435645,295.3175801829587,278.25,0.0,1.0,0.79,-0.4253367938337662
1232100.0,0.2375688373141429,294.78729348805757,278.16339393028846,0.0,1.0,0.8094886363636364,-0.3842586429610704
1233000.0,0.33437876168350533,294.4968637149495,278.140204326923,0.0,1.0,0.8245454545454546,-0.3434304966479018
1233900.0,0.33419229802920347,294.4974231059124,278.17191256009613,0.0,1.0,0.8348295454545455,-0.3029452951859659
1234800.0,0.6461364935856864,294.56159051924294,278.25,0.0,1.0,0.84,-0.26289423228450826
1235700.0,0.4936378076345325,295.0190865770964,278.43544921874997,0.0,1.0,0.8342830882352941,-0.2233678123467353
1236600.0,0.37831465563039046,295.36505603310883,278.72109374999997,0.0,1.0,0.8180882352941177,-0.18445676188685356
1237500.0,0.3733871545189231,295.37983853644323,278.99619140625,0.0,1.0,0.8003492647058823,-0.14625281084942143
1238400.0,0.05634823145582383,295.33095530563253,279.15,0.0,1.0,0.79,-0.1088493529891037
1239300.0,0.23265879866956612,294.8020236039913,279.1921875,0.0,1.0,0.7876194852941177,-0.07234198828301941
1240200.0,0.3306818620631778,294.50795441381047,279.20624999999995,0.0,1.0,0.7881617647058823,-0.03682894454331764
1241100.0,0.33196060159307683,294.50411819522077,279.1921875,0.0,1.0,0.792123161764706,-0.0024113699848509196
1242000.0,0.6458500931021641,294.5624497206935,279.15,0.0,1.0,0.8,0.030806516422292596
1242900.0,0.47917442771597507,295.0624767168521,279.07710937499996,0.0,1.0,0.8172916666666667,0.06271743422429243
1243800.0,0.3721691062287391,295.3834926813138,278.986875,0.0,1.0,0.8427777777777777,0.09321123101295892
1244700.0,0.3752803113806256,295.3741590658581,278.903203125,0.0,1.0,0.8668750000000001,0.12217527460168753
1245600.0,0.062130146989375135,295.3136095590319,278.84999999999997,0.0,1.0,0.88,0.1494950699429427
1246500.0,0.23696779676602847,294.7890966097019,278.8275,0.0,1.0,0.8832500000000001,0.17505511988602396
1247400.0,0.3286519670596893,294.51404409882093,278.82,0.0,1.0,0.8842222222222222,0.1987400425243242
1248300.0,0.32575451631415336,294.52273645105754,278.8275,0.0,1.0,0.8830833333333334,0.22043594766462227
1249200.0,0.636886529954855,294.58934041013543,278.84999999999997,0.0,1.0,0.88,0.24003206065842897
1250100.0,0.462656371107793,295.1120308866766,278.898125,0.0,0.984375,0.8750937500000001,0.25742256377327344
1251000.0,0.3465482950267263,295.4603551149198,278.965,0.0,0.9500000000000001,0.86925,0.2725086044492304
1251900.0,0.3437797672762599,295.4686606981712,279.02437499999996,0.0,0.915625,0.86378125,0.2852003979930722
1252800.0,0.025725274769759682,295.4228241756907,279.04999999999995,0.0,0.9,0.86,0.29541933209379767
1255500.0,0.5568237826441115,293.82952865206767,279.04999999999995,0.0,0.9,0.85859375,0.3106607391324685
1256400.0,0.7289582420045614,294.3131252739863,279.04999999999995,0.0,0.9,0.86,0.3104900685213885
1257300.0,0.40885776587657574,295.2734267023703,279.04999999999995,0.0,0.9,0.865,0.30768098894663254
1258200.0,0.2712543827666801,295.68623685169996,279.04999999999995,0.0,0.9,0.8733333333333333,0.3022525677077359
1259100.0,0.2984620194714201,295.60461394158574,279.04999999999995,0.0,0.9,0.88,0.2942411672272931
1260000.0,0.0,295.50561760823734,279.04999999999995,0.0,0.9,0.88,0.2836993745376555
1262700.0,0.4987454030372949,294.0037637908881,278.920625,4.173295454545455,0.9,0.865,0.23762743818486087
1263600.0,0.6805898755734839,294.45823037327955,278.84999999999997,13.295454545454547,0.9,0.86,0.2177563170339929
1264500.0,0.3624333330083118,295.41270000097506,278.7283333333333,22.269886363636367,0.8734375000000001,0.855,0.19580009237298057
1265400.0,0.22296052421332507,295.83111842736,278.54555555555555,26.0,0.8125,0.85,0.17187011449166834
1266300.0,0.24522198340180995,295.76433404979457,278.36499999999995,22.482517482517483,0.7453125,0.845,0.14608062956594892
1267200.0,0.0,295.669072100465,278.25,15.377622377622377,0.7000000000000001,0.84,0.11854718784260476
1269900.0,0.36781852782761837,294.39654441651714,278.43541666666664,2.6177884615384617,0.68125,0.828515625,0.026631820191935107
1270800.0,0.6087395037691294,294.6737814886926,278.45,1.326923076923077,0.7000000000000001,0.8300000000000001,-0.006737414857662216
1271700.0,0.38251126246128325,295.35246621261615,278.39492187499997,0.3725961538461542,0.7453125,0.8362239583333333,-0.04129132062972185
1272600.0,0.30318205495058237,295.59045383514825,278.328125,0.0,0.8125,0.8461805555555556,-0.07692593318985241
1273500.0,0.3374808958178619,295.4875573125464,278.24726562499995,0.0,0.8734375000000001,0.858046875,-0.11354033020199994
1274400.0,0.0325202261905891,295.40243932142823,278.15,0.0,0.9,0.87,-0.15103645838670476
1277100.0,0.587870968918916,293.73638709324325,277.75039062499997,0.0,0.9,0.9101041666666667,-0.26787026677895875
1278000.0,0.7707509394620615,294.1877471816138,277.65,0.0,0.9,0.92,-0.3079565627981511
1278900.0,0.46139858936692235,295.11580423189923,277.58875,0.0,0.9,0.925625,-0.348462032082965
1279800.0,0.32079785750331286,295.53760642749006,277.54499999999996,0.0,0.9,0.9283333333333333,-0.3892949189800543
1280700.0,0.3498481971667691,295.4504554084997,277.50374999999997,0.0,0.9,0.9293750000000001,-0.430361516742253
1281600.0,0.05518058338744443,295.33445824983767,277.45,0.0,0.9,0.93,-0.47156490998664546
1282500.0,0.22063651351334101,294.83809045946,277.37125,0.0,0.9,0.9302812500000001,-0.512803513008584
1283400.0,0.31765296902707024,294.5470410929188,277.28,0.0,0.9,0.9299166666666666,-0.5539693650147726
1284300.0,0.32371441760307107,294.5288567471908,277.19874999999996,0.0,0.9,0.92959375,-0.5949461359600061
1285200.0,0.6395422213049073,294.5813733360853,277.15,0.0,0.9,0.93,-0.6356067907509391
1286100.0,0.4715812419934574,295.0852562740196,277.125,0.0,0.86875,0.9333750000000001,-0.6758108572991182
1287000.0,0.3650312906576497,295.40490612802705,277.09999999999997,0.0,0.8,0.9396666666666667,-0.7154012491772153
1287900.0,0.3691806264270099,295.39245812071897,277.075,0.0,0.7312500000000001,0.946125,-0.7542006131111343
1288800.0,0.05768760056154557,295.32693719831536,277.04999999999995,0.0,0.7000000000000001,0.9500000000000001,-0.792007215979253
1289700.0,0.2365629228781927,294.7903112313654,277.025,0.0,0.7293750000000001,0.9475,-0.8285904717637331
1290600.0,0.3325712663372163,294.50228620098835,277.0,0.0,0.795,0.9400000000000001,-0.8636863589316883
1291500.0,0.333636549113559,294.4990903526593,276.97499999999997,0.0,0.863125,0.9325,-0.8969932208918929
1292400.0,0.6445098512957845,294.56647044611265,276.95,0.0,0.9,0.93,-0.9281688011068634
1293300.0,0.4773667239640341,295.0678998281079,276.9441964285714,0.0,0.90328125,0.9334375,-0.9568298399659119
1294200.0,0.3705699536511891,295.38829013904643,276.9678571428571,0.0,0.8987500000000002,0.9391666666666667,-0.9825560852375945
1295100.0,0.37350213766501383,295.37949358700496,277.0075892857143,0.0,0.8948437500000002,0.9453125,-1.0049009449967077
1296000.0,0.06046622523264962,295.31860132430205,277.04999999999995,0.0,0.9,0.9500000000000001,-1.023410864903092
1296900.0,0.23736674965035337,294.78789975104894,277.1142857142857,0.0,0.9226562500000001,0.9524107142857143,-1.0376543353395946
1297800.0,0.3347894076019505,294.49563177719415,277.20714285714286,0.0,0.95625,0.9530952380952381,-1.0472588754271857
1298700.0,0.3349432143113896,294.49517035706583,277.2964285714285,0.0,0.9867187500000001,0.952232142857143,-1.0519507329684403
1299600.0,0.6476223883465005,294.5571328349605,277.34999999999997,0.0,1.0,0.9500000000000001,-1.0515888334099341
1300500.0,0.4799564391537956,295.0601306825386,277.3472098214285,0.0,0.984375,0.9361813186813187,-1.04618388575454
1301400.0,0.3729439625636056,295.3811681123092,277.30089285714286,0.0,0.9500000000000001,0.9093406593406593,-1.03589687622768
1302300.0,0.3761390752209005,295.3715827743373,277.2291294642857,0.0,0.915625,0.8828296703296704,-1.0210174213320413
1303200.0,0.06505913351494048,295.3048225994552,277.15,0.0,0.9,0.87,-1.0019284440143736
1304100.0,0.24495065019785517,294.76514804940643,277.0340401785714,0.0,0.9,0.8756730769230769,-0.9790664040853301
1305000.0,0.3438104590189065,294.4685686229433,276.87589285714284,0.0,0.9,0.89,-0.9528852051412957
1305900.0,0.3468152119321909,294.4595543642034,276.7297991071428,0.0,0.9,0.9043269230769231,-0.923828511715771
1306800.0,0.6600124629406802,294.51996261117796,276.65,0.0,0.9,0.91,-0.8923116893732308
1307700.0,0.49204886995994457,295.02385339012017,276.69301948051947,0.0,0.9,0.9075721153846154,-0.8587122180833378
1308600.0,0.3841196695284073,295.3476409914148,276.82662337662333,0.0,0.9,0.9042307692307692,-0.8233664267616767
1309500.0,0.3860135737288222,295.34195927881353,276.97191558441557,0.0,0.9,0.9012740384615384,-0.7865703524086789
1310400.0,0.07467087598884821,295.27598737203346,277.04999999999995,0.0,0.9,0.9,-0.7485829432883979
1311300.0,0.25026641885835943,294.7492007434249,277.06647727272724,0.0,0.9,0.9,-0.7096303514518283
1312200.0,0.3460685532092498,294.46179434037225,277.07575757575756,0.0,0.9,0.9,-0.6699105209174148
1313100.0,0.3488715671361243,294.4533852985916,277.07215909090905,0.0,0.9,0.9,-0.629597619424831
1314000.0,0.6616681020837707,294.5149956937487,277.04999999999995,0.0,0.9,0.9,-0.588846089190219
1314900.0,0.4933899415702854,295.01983017528914,277.0125,0.0,0.9,0.9,-0.5477942314964439
1315800.0,0.3831157960444216,295.35065261186674,276.96666666666664,0.0,0.9,0.9,-0.5065673187012152
1316700.0,0.3865697944761071,295.3402906165717,276.91249999999997,0.0,0.9,0.9,-0.4652802673539571
1317600.0,0.07874144765709919,295.2637756570287,276.84999999999997,0.0,0.9,0.9,-0.42403992307204463
1318500.0,0.258019689667852,294.72594093099644,276.7645833333333,0.0,0.9,0.9,-0.3829470117289566
1319400.0,0.35465223602557217,294.4360432919233,276.6555555555555,0.0,0.9,0.9,-0.3420978085400157
1320300.0,0.35525241823495435,294.43424274529514,276.54375,0.0,0.9,0.9,-0.3015855704168835
1321200.0,0.6698384256497054,294.4904847230509,276.45,0.0,0.9,0.9,-0.2615017694970243
1322100.0,0.5193757005680482,294.94187289829586,276.42812499999997,0.0,0.8619140625,0.901875,-0.22193715807141978
1323000.0,0.40974824619653794,295.2707552614104,276.46944444444443,0.0,0.7734375,0.9058333333333333,-0.18298268770319592
1323900.0,0.4080676754944837,295.27579697351655,276.50104166666665,0.0,0.6732421875000001,0.909375,-0.14473029831750517
1324800.0,0.0960418706351144,295.21187438809466,276.45,0.0,0.6000000000000001,0.91,-0.10727358646387786
1325700.0,0.27652187711494963,294.67043436865515,276.30395220588235,0.0,0.5790414663461538,0.9049632352941177,-0.07070835576753476
1326600.0,0.37628486042910936,294.3711454187127,276.11887254901956,0.0,0.590985576923077,0.8949019607843137,-0.03513304676128959
1327500.0,0.3797694715795311,294.3606915852614,275.92435661764705,0.0,0.6074368990384615,0.8823897058823529,-0.0006490378375121342
1328400.0,0.6973596753151696,294.4079209740545,275.75,0.0,0.6000000000000001,0.87,0.032639195923217956
1329300.0,0.5333730425952391,294.8998808722143,275.5850183823529,0.0,0.5123454670329671,0.8553781512605042,0.06462408360638028
1330200.0,0.42237857934209916,295.2328642619737,275.422794117647,0.0,0.353434065934066,0.8374789915966386,0.09519513987881845
1331100.0,0.42642419242131757,295.22072742273605,275.2991727941176,0.07808679706601465,0.19280563186813193,0.8208403361344537,0.12423934970604056
1332000.0,0.11882393339497335,295.1435281998151,275.25,0.29156479217603903,0.1,0.81,0.1516417789327713
1332900.0,0.2940975622707356,294.6177073131878,275.29531249999997,0.6092603911980439,0.15803571428571428,0.8145089285714286,0.17728643039898517
1333800.0,0.38069282632403656,294.3579215210279,275.41249999999997,1.0,0.33214285714285713,0.8334523809523811,0.20105735899842525
1334700.0,0.3631973100559662,294.4104080698321,275.57343749999995,45.12623960880195,0.5151785714285714,0.855669642857143,0.22284004890491893
1335600.0,0.6253060704510365,294.6240817886469,275.75,141.08643520782394,0.6000000000000001,0.87,0.24252304186290075
1336500.0,0.3849085357397636,295.3452743927807,275.92499999999995,235.50341320293396,0.5302884615384615,0.8771875,0.25999978724075956
1337400.0,0.21960789537621395,295.84117631387136,276.09999999999997,275.0,0.3807692307692308,0.8833333333333333,0.27517066346360597
1338300.0,0.20765982024632496,295.877020539261,276.275,252.64204118993135,0.24086538461538476,0.8853125000000001,0.28794509828582604
1339200.0,0.0,295.7926035878596,276.45,209.96810983981692,0.2,0.88,0.29824369474072787
1341900.0,0.2704943045875249,294.6885170862374,276.97499999999997,133.01101705520594,0.5384615384615384,0.8421250000000001,0.3136989287897962
1342800.0,0.528824623123531,294.9135261306294,277.15,126.7215984935164,0.6000000000000001,0.8300000000000001,0.31358907954467163
1343700.0,0.2854878228655858,295.64353653140324,277.30625,119.57138068506865,0.6025,0.8188124999999999,0.3108348180237199
1344600.0,0.15781848321732164,296.02654455034804,277.43333333333334,109.0,0.5955555555555556,0.8078333333333333,0.3054549340796704
1345500.0,0.18228743823950327,295.9531376852815,277.54375,94.40083284198113,0.5908333333333333,0.7979375000000001,0.2974856491204949
1346400.0,0.0,295.8325151841116,277.65,78.12097091194968,0.6000000000000001,0.79,0.2869795442545273
1349100.0,0.22873086124855035,294.81380741625435,277.83437499999997,38.14894908435072,0.67875,0.7871428571428571,0.2409778724481093
1350000.0,0.5307504818817202,294.90774855435484,277.75,32.524556048834626,0.7000000000000001,0.79,0.22111899564696613
1350900.0,0.3223201099460387,295.5330396701619,277.5682692307692,29.88788498890122,0.71125,0.7936188616071429,0.19917015524901127
1351800.0,0.2103254366525107,295.86902369004247,277.3320512820513,29.0,0.7133333333333334,0.7984598214285714,0.17524320786578418
1352700.0,0.21283966055189768,295.8614810183443,277.07980769230767,38.29507599533716,0.7087500000000001,0.8040708705357144,0.14945292681024847
1353600.0,0.0,295.8319602013071,276.84999999999997,59.04667324246772,0.7000000000000001,0.81,0.12191539517407346
1356300.0,0.08865662318618206,295.23403013044145,276.28923076923076,71.98885289634147,0.535,0.8516388494318181,0.029973170927028114
1357200.0,0.44064211623377025,295.1780736512987,276.15,42.240091463414636,0.5,0.86,-0.0034082576516745178
1358100.0,0.3271773362619683,295.5184679912141,276.22431818181815,13.121284298780495,0.5242857142857144,0.8493181818181819,-0.03797523451975837
1359000.0,0.2776535067136289,295.6670394798591,276.54484848484844,0.0,0.5914285714285715,0.8210606060606062,-0.07362339381819893
1359900.0,0.30370204816377583,295.5888938555087,276.89295454545453,0.0,0.6628571428571428,0.7897727272727272,-0.11025144010103993
1360800.0,0.0,295.53341083325097,277.04999999999995,0.0,0.7000000000000001,0.77,-0.14776097408704114
1363500.0,0.43886403703652377,294.18340788889043,276.8397443181818,0.0,0.6521205357142859,0.7525000000000001,-0.264630435291378
1364400.0,0.6833298808794741,294.4500103573616,276.65,0.0,0.6000000000000001,0.76,-0.30472615979940687
1365300.0,0.4439525726781615,295.1681422819655,276.40613636363634,0.0,0.51265625,0.774234375,-0.34523940416874144
1366200.0,0.31130874888106064,295.5660737533568,276.1463636363636,0.0,0.39625000000000005,0.7899027777777778,-0.38607817852357473
1367100.0,0.32908587254704946,295.51274238235885,275.8884090909091,0.0,0.2817187500000001,0.8056197916666666,-0.42714855485518743
1368000.0,0.032592657422659,295.402222027732,275.65,0.0,0.2,0.8200000000000001,-0.46835341036703815
1370700.0,0.565404179353493,293.8037874619395,274.99886363636364,0.0,0.09828125000000001,0.85975,-0.5917233361228647
1371600.0,0.766910795755507,294.1992676127335,274.84999999999997,0.0,0.1,0.87,-0.6323745490420691
1372500.0,0.47921739032248445,295.06234782903255,274.74921874999995,0.0,0.12265625000000001,0.87693359375,-0.6725662379282062
1373400.0,0.3349929419786122,295.49502117406416,274.67291666666665,0.0,0.15625,0.8814062500000001,-0.712141381471068
1374300.0,0.35965921412400803,295.421022357628,274.61015625,0.0,0.18671875000000002,0.8851757812500001,-0.7509228252086424
1375200.0,0.06674168073789133,295.2997749577863,274.54999999999995,0.0,0.2,0.89,-0.7887092224601782
1376100.0,0.24854693643097409,294.7543591907071,274.48515625,0.0,0.2,0.89779296875,-0.8252706314305622
1377000.0,0.3417292220396272,294.4748123338811,274.42291666666665,0.0,0.2,0.90734375,-0.8603440195661718
1377900.0,0.34290536848796666,294.4712838945361,274.37421874999995,0.0,0.2,0.91572265625,-0.8936291643158776
1378800.0,0.6620077197118613,294.5139768408644,274.34999999999997,0.0,0.2,0.92,-0.9247857904630559
1379700.0,0.49374651271025033,295.01876046186925,274.38593749999995,0.0,0.2,0.918125,-0.9534332466860547
1380600.0,0.38273831494590616,295.3517850551623,274.47916666666663,0.0,0.2,0.9120833333333334,-0.9791545309160914
1381500.0,0.39057293000829907,295.3282812099751,274.5828125,0.0,0.2,0.905,-1.0015068334210144
1382400.0,0.08324932556515326,295.25025202330454,274.65,0.0,0.2,0.9,-1.0200406146124426
1383300.0,0.2629506720356668,294.711147983893,274.6815625,0.0,0.25125000000000003,0.8971484375000001,-1.034328086559853
1384200.0,0.35946755009986947,294.4215973497004,274.70916666666665,0.0,0.37,0.8944791666666667,-1.0439994874090108
1385100.0,0.35999307159465843,294.420020785216,274.73218749999995,0.0,0.50375,0.8920703125,-1.048782047439154
1386000.0,0.6738520575826025,294.4784438272522,274.75,0.0,0.6000000000000001,0.89,-1.0485334341454244
1386900.0,0.5040798279239121,294.98776051622826,274.761953125,0.0,0.6431250000000001,0.8891796875,-1.0432608211717556
1387800.0,0.3956122495189712,295.3131632514431,274.76687499999997,0.0,0.655,0.8896875,-1.0331198833571404
1388700.0,0.4016808194440576,295.2949575416678,274.763359375,0.0,0.6393750000000001,0.8903515625,-1.018394029973177
1389600.0,0.09333322842229563,295.2200003147331,274.75,0.0,0.6000000000000001,0.89,-0.9994600347759732
1390500.0,0.2755969753222492,294.67320907403325,274.71132812499997,0.0,0.48125,0.884609375,-0.9767490133957497
1391400.0,0.3724805456369419,294.3825583630892,274.640625,0.0,0.2833333333333333,0.874375,-0.9507107356246678
1392300.0,0.3747651509645114,294.37570454710647,274.549609375,0.0,0.09375,0.864453125,-0.9217860253031578
1393200.0,0.6896991158005221,294.43090265259843,274.45,0.0,0.0,0.86,-0.8903885648155656
1394100.0,0.5267304965300543,294.91980851040984,274.29999999999995,0.0,0.021875000000000006,0.86265625,-0.8568950701484237
1395000.0,0.4196648146800991,295.2410055559597,274.09999999999997,0.0,0.09166666666666667,0.86875,-0.8216417701642511
1395900.0,0.42882439680784046,295.2135268095765,273.92499999999995,0.0,0.16562500000000002,0.87546875,-0.7849250409964137
1396800.0,0.12120451342046104,295.1363864597386,273.84999999999997,0.0,0.2,0.88,-0.7470044327628416
1397700.0,0.29799644601181774,294.60601066196455,273.84999999999997,0.0,0.17500000000000002,0.88234375,-0.7081068341758718
1398600.0,0.3956886248162542,294.31293412555124,273.84999999999997,0.0,0.125,0.88375,-0.6684309737895946
1399500.0,0.39595763321000277,294.31212710037,273.84999999999997,0.0,0.08749999999999997,0.88328125,-0.6281517961867986
1400400.0,0.7096377748217719,294.3710866755347,273.84999999999997,0.0,0.1,0.88,-0.5874244796798394
1401300.0,0.5454985842213015,294.8635042473361,273.84999999999997,0.0,0.16468750000000001,0.8709375,-0.5463880032538118
1402200.0,0.43658791643523875,295.1902362506943,273.84999999999997,0.0,0.24750000000000003,0.8566666666666667,-0.505168251069557
1403100.0,0.43944146321458294,295.18167561035625,273.84999999999997,0.0,0.3315625,0.8415625,-0.4638806845133616
1404000.0,0.1307133844834425,295.1078598465497,273.84999999999997,0.0,0.4,0.8300000000000001,-0.42263262994323547
1404900.0,0.30816801177790387,294.5754959646663,273.84999999999997,0.0,0.45515625000000004,0.82375,-0.38152523505269564
1405800.0,0.402549299863305,294.2923521004101,273.84999999999997,0.0,0.50875,0.8200000000000001,-0.34065514441463596
1406700.0,0.40262480335024975,294.29212558994925,273.84999999999997,0.0,0.55796875,0.81625,-0.3001159389626291
1407600.0,0.7176672344842245,294.3469982965473,273.84999999999997,0.0,0.6000000000000001,0.81,-0.25999937697495223
1408500.0,0.5697972320673443,294.79060830379797,273.875,0.0,0.634375,0.7971428571428572,-0.220396466618479
1409400.0,0.45718530916641004,295.12844407250077,273.93333333333334,0.0,0.6625000000000001,0.779047619047619,-0.1813983927873657
1410300.0,0.4558936426070659,295.1323190721788,274.0,0.0,0.6843750000000001,0.7614285714285715,-0.14309731402144266
1411200.0,0.14493973431060186,295.0651807970682,274.04999999999995,0.0,0.7000000000000001,0.75,-0.10558703873874409
1412100.0,0.32346159000076113,294.5296152299977,274.08437499999997,0.0,0.7117187500000001,0.7470870535714287,-0.06896358383428236
1413000.0,0.4192792240910421,294.2421623277269,274.1166666666666,0.0,0.71875,0.7486607142857143,-0.03332561285383684
1413900.0,0.4198007194257419,294.2405978417228,274.140625,0.0,0.71640625,0.7509040178571429,0.0012252545402127168
1414800.0,0.7344904348474112,294.29652869545777,274.15,0.0,0.7000000000000001,0.75,0.03458427513606632
1415700.0,0.5689998417875586,294.7930004746373,274.15,0.0,0.675,0.7434040178571429,0.06664357449143199
1416600.0,0.45598510789394214,295.1320446763182,274.15,0.0,0.65,0.7336607142857143,0.09729232013852229
1417500.0,0.45749595766100504,295.127512127017,274.15,3.055022800429185,0.625,0.7245870535714286,0.12641709878196616
1418400.0,0.14370053792454957,295.06889838622635,274.15,10.896727467811159,0.6000000000000001,0.72,0.15390252053300557
1419300.0,0.3117774950852663,294.5646675147442,274.15,21.540068401287552,0.5750000000000001,0.7240848214285714,0.17963207044444185
1420200.0,0.39669861479364954,294.30990415561905,274.15,33.0,0.55,0.7344642857142857,0.20348922142944925
1421100.0,0.37897504942490434,294.3630748517253,274.15,69.65262691121245,0.525,0.7451116071428571,0.22535881250119472
1422000.0,0.6529509919844069,294.5411470240468,274.15,136.20046003218886,0.5,0.75,0.24512868190001624
1422900.0,0.43262722173794066,295.2021183347862,274.21875,201.14806313707084,0.47500000000000003,0.74815625,0.262691526334744
1423800.0,0.2776498166563404,295.667050550031,274.3833333333333,233.0,0.45,0.74425,0.277946936222087
1424700.0,0.2632315568553925,295.7103053294338,274.58124999999995,199.2969140625,0.42500000000000004,0.7407187500000001,0.29080353427352845
1425600.0,0.0,295.5823859467696,274.75,118.90281250000001,0.4,0.74,0.3011811236843305
1428300.0,0.5887358271536224,293.73379251853913,275.1325892857143,0.0,0.7950892857142859,0.74703125,0.3168469280742723
1429200.0,0.771848537422045,294.18445438773387,275.25,0.0,0.9,0.75,0.3167963869089796
1430100.0,0.47652646172722746,295.0704206148183,275.3467075892857,0.0,0.9377232142857143,0.7533392857142858,0.31409522296745007
1431000.0,0.3392598762950077,295.482220371115,275.41026785714286,0.0,0.9696428571428571,0.7575714285714286,0.30876196034385206
1431900.0,0.36730277950960044,295.3980916614712,275.44369419642857,0.0,0.9917410714285714,0.7630178571428572,0.30083269585070194
1432800.0,0.06565007370200722,295.303049778894,275.45,0.0,1.0,0.77,0.29036002519173554
1433700.0,0.24357720851234413,294.76926837446297,275.38515624999997,0.0,1.0,0.7878571428571429,0.27741153528694196
1434600.0,0.3365433654226611,294.490369903732,275.25,0.0,1.0,0.8180952380952381,0.26206796546797895
1435500.0,0.33430102242690884,294.4970969327193,275.11484375,0.0,1.0,0.8492857142857143,0.24442115424608368
1436400.0,0.645931841115915,294.56220447665225,275.04999999999995,0.0,1.0,0.87,0.2245718901615652
1437300.0,0.4772973854730177,295.06810784358095,275.0626302083333,0.0,1.0,0.8811931818181818,0.2026277763878126
1438200.0,0.3694406289315187,295.39167811320544,275.0982638888889,0.0,1.0,0.8915151515151516,0.17870120207470674
1439100.0,0.372951870194773,295.3811443894157,275.134765625,0.0,1.0,0.9010795454545455,0.15290749220740585
1440000.0,0.06123300157764788,295.31630099526706,275.15,0.0,1.0,0.91,0.12536328522533835
1440900.0,0.22952734220600252,294.811417973382,275.125,0.0,0.984375,0.9193110795454545,0.09618516639702657
1441800.0,0.30825865336898534,294.57522403989304,275.0777777777778,0.0,0.9500000000000001,0.9286931818181818,0.0654885667533156
1442700.0,0.2935259381642936,294.6194221855071,275.04166666666663,0.0,0.915625,0.9362286931818181,0.033386923182403105
1443600.0,0.6028335997068173,294.69149920087955,275.04999999999995,0.0,0.9,0.9400000000000001,-8.91468705521703e-06
1444500.0,0.46030565458045203,295.11908303625864,275.1083333333333,0.0,0.9,0.9381808035714286,-0.03459105121713346
1445400.0,0.3883213920654119,295.33503582380376,275.18888888888887,0.0,0.9,0.932232142857143,-0.0702547081616538
1446300.0,0.4038353994499744,295.2884938016501,275.275,0.0,0.9,0.9251674107142858,-0.1068982077558327
1447200.0,0.09316653223845606,295.22050040328463,275.34999999999997,0.0,0.9,0.92,-0.14442279646714584
1448100.0,0.2715671014997459,294.68529869550076,275.4107421875,0.0,0.9,0.9168638392857144,-0.18273232691154861
1449000.0,0.368541447028349,294.39437565891495,275.46475694444445,0.0,0.9,0.9140178571428571,-0.22173281100868092
1449900.0,0.3669316846727876,294.39920494598164,275.51139322916663,0.0,0.9,0.9116629464285714,-0.2613318523825394
1450800.0,0.678399934918275,294.4648001952452,275.54999999999995,0.0,0.9,0.91,-0.3014379605073081
1451700.0,0.51362393949222,294.95912818152334,275.55019531249997,0.0,0.9,0.909921875,-0.3419597432466388
1452600.0,0.4035559168418672,295.2893322494744,275.4911458333333,0.0,0.9,0.911875,-0.3828049682544834
1453500.0,0.40656975280834706,295.28029074157496,275.3865234375,0.0,0.9,0.915390625,-0.42387947717468255
1454400.0,0.09935103858091072,295.20194688425727,275.25,0.0,0.9,0.92,-0.46508592967285356
1455300.0,0.26704624818127815,294.69886125545617,275.02460937499995,0.0,0.8625,0.9290625,-0.506322347108342
1456200.0,0.369592912457468,294.3912212626276,274.71354166666663,0.0,0.775,0.9425,-0.5474804183264963
1457100.0,0.38170305166482876,294.3548908450055,274.420703125,0.0,0.6750000000000002,0.9546875,-0.5884435231775997
1458000.0,0.7016479059252181,294.39505628222435,274.25,0.0,0.6000000000000001,0.96,-0.6290844241056583
1458900.0,0.5361079358692298,294.8916761923923,274.17499999999995,0.0,0.55,0.96,-0.6692625746780796
1459800.0,0.4247635376049175,295.22570938718525,274.09999999999997,0.0,0.5,0.96,-0.7088210001100008
1460700.0,0.4296171408042634,295.2111485775872,274.025,0.0,0.45,0.96,-0.7475827251592593
1461600.0,0.12141411331833751,295.135757660045,273.95,0.0,0.4,0.96,-0.785346769608902
1462500.0,0.2997515970630502,294.60074520881085,273.875,0.0,0.35000000000000003,0.96,-0.8218838165213147
1463400.0,0.39997661238112414,294.3000701628566,273.79999999999995,0.0,0.30000000000000004,0.96,-0.856931805095571
1464300.0,0.40401735670570815,294.2879479298829,273.72499999999997,0.0,0.25,0.96,-0.8901919339869013
1465200.0,0.7184756724711481,294.34457298258656,273.65,0.0,0.2,0.96,-0.9213259040959421
1466100.0,0.5548542206264907,294.8354373381205,273.5984375,0.0,0.1975,0.96,-0.9499556793358619
1467000.0,0.4430894537676219,295.17073163869713,273.5875,0.0,0.25999999999999995,0.96,-0.9756675329783966
1467900.0,0.4459323833611203,295.16220284991664,273.60781249999997,0.0,0.3424999999999999,0.96,-0.9980224885826514
1468800.0,0.13859394873643774,295.0842181537907,273.65,0.0,0.4,0.96,-1.016575106947399
1469700.0,0.31655877473796556,294.5503236757861,273.7678571428571,0.0,0.43015625,0.948125,-1.0309014493922768
1470600.0,0.40997516945515144,294.27007449163455,273.96428571428567,0.0,0.45875000000000005,0.9216666666666667,-1.0406346445503467
1471500.0,0.40766906000423353,294.2769928199873,274.1535714285714,0.0,0.48296875000000006,0.894375,-1.0455031116226232
1472400.0,0.7194355346645125,294.34169339600646,274.25,0.0,0.5,0.88,-1.0453634782143495
1473300.0,0.557836870547419,294.82648938835774,274.2594967532467,0.0,0.50546875,0.8814154411764706,-1.0402195772798328
1474200.0,0.44880369705214207,295.1535889088436,274.25389610389607,0.0,0.5020833333333333,0.8887745098039216,-1.0302219076344388
1475100.0,0.44985152278307317,295.1504454316508,274.2463474025974,0.0,0.49765625,0.8967463235294117,-1.0156477243626583
1476000.0,0.13944760542904078,295.0816571837129,274.25,0.0,0.5,0.9,-0.9968676209745029
1476900.0,0.31767729495572894,294.5469681151328,274.2647017045454,0.0,0.5125000000000001,0.8983257918552036,-0.9743072712820933
1477800.0,0.4115445224879105,294.26536643253627,274.2839015151515,0.0,0.5333333333333333,0.8947511312217195,-0.9484121744227014
1478700.0,0.40926127206974644,294.27221618379076,274.3111505681818,0.0,0.5625,0.8888009049773755,-0.919620164386517
1479600.0,0.7205829991903177,294.33825100242905,274.34999999999997,0.0,0.6000000000000001,0.88,-0.8883430989604673
1480500.0,0.5548294379223837,294.83551168623285,274.4609375,0.0,0.6625000000000001,0.8616302447552449,-0.8549568079850016
1481400.0,0.44252554114029863,295.1724233765791,274.65,0.0,0.75,0.8338986013986014,-0.8197973217243448
1482300.0,0.44366081321269724,295.1690175603619,274.83906249999995,0.0,0.8375,0.8067176573426573,-0.7831612801694203
1483200.0,0.1330213175361526,295.10093604739154,274.95,0.0,0.9,0.79,-0.7453087804650282
1484100.0,0.31086183022190045,294.5674145093343,274.98203125,0.0,0.9390625,0.7838636363636364,-0.7064674098868946
1485000.0,0.4053733507261086,294.2838799478217,274.99791666666664,0.0,0.9708333333333334,0.7818181818181819,-0.6668366564565815
1485900.0,0.40525785184435864,294.2842264444669,275.01484374999995,0.0,0.9921875,0.7838636363636364,-0.6265922263202492
1486800.0,0.7188633238482869,294.34341002845514,275.04999999999995,0.0,1.0,0.79,-0.5858900257543724
1487700.0,0.5543242445035617,294.8370272664893,275.09999999999997,0.0,1.0,0.7994460227272727,-0.5448697084118095
1488600.0,0.4404245202634153,295.17872643920975,275.15,0.0,1.0,0.8103409090909091,-0.5036577707822021
1489500.0,0.4393418080352376,295.1819745758943,275.2,0.0,1.0,0.821065340909091,-0.46237022205387923
1490400.0,0.13042549387360697,295.1087235183792,275.25,0.0,1.0,0.8300000000000001,-0.42111487393404734
1491300.0,0.3071340429645488,294.57859787110635,275.29999999999995,0.0,1.0,0.83565625,-0.3799933016397261
1492200.0,0.3997174923405282,294.3008475229784,275.34999999999997,0.0,1.0,0.8392499999999999,-0.3391025255356721
1493100.0,0.4016519413971764,294.29504417580847,275.4,0.0,1.0,0.8432187500000001,-0.29853645751609426
1494000.0,0.7150109636588315,294.3549671090235,275.45,0.0,1.0,0.85,-0.2583871493183343
1494900.0,0.5638544287774796,294.80843671366756,275.48772321428567,0.0,1.0,0.862328125,-0.21874587263336553
1495800.0,0.4512771083153666,295.1461686750539,275.50892857142856,0.0,1.0,0.8788750000000001,-0.17970405367120335
1496700.0,0.45036373654166556,295.148908790375,275.5256696428571,0.0,1.0,0.895984375,-0.14135407795641286
1497600.0,0.13877528734030875,295.0836741379791,275.54999999999995,0.0,1.0,0.91,-0.10378997461065365
1498500.0,0.31529664074332686,294.55411007777,275.59151785714283,0.0,1.0,0.921015625,-0.06710798320232758
1499400.0,0.4075711885214446,294.27728643443567,275.6535714285714,0.0,1.0,0.930625,-0.03140700038058131
1500300.0,0.40398682138209097,294.2880395358537,275.7388392857143,0.0,1.0,0.9374218750000001,0.0032111020179101946
1501200.0,0.7169399333594507,294.34918019992165,275.84999999999997,0.0,1.0,0.9400000000000001,0.036641300804426846
1502100.0,0.5520026580733202,294.84399202578004,276.0289772727273,0.0,1.0,0.93853125,0.0687754051035705
1503000.0,0.44000157918344485,295.17999526244967,276.2772727272727,0.0,1.0,0.93525,0.09950222125006425
1503900.0,0.4371405310728278,295.1885784067815,276.5369318181818,0.0,1.0,0.9318437500000001,0.12870792240368645
1504800.0,0.12378652936886661,295.1286404118934,276.75,0.0,1.0,0.93,0.156276646424798
1505700.0,0.2982326340920546,294.60530209772384,276.8888494318182,0.0,1.0,0.9298359375,0.1820913428851103
1506600.0,0.39101586940159905,294.3269523917952,276.99147727272725,0.0,1.0,0.9300625,0.20603488399336278
1507500.0,0.3884269069835682,294.3347192790493,277.0983664772727,0.0,1.0,0.9302578125,0.22799144410281524
1508400.0,0.6970618139442497,294.40881455816725,277.25,0.0,1.0,0.93,0.24784813805339256
1509300.0,0.5265000550547256,294.9204998348358,277.48359374999995,0.0,1.0,0.9280859375,0.2654968901107708
1510200.0,0.41100773854016853,295.2669767843795,277.76874999999995,0.0,1.0,0.9246875,0.28083648365038094
1511100.0,0.4049320789833928,295.2852037630498,278.04453125,0.0,1.0,0.9214453125000001,0.29377471880587036
1512000.0,0.08633125615873874,295.2410062315238,278.25,0.0,1.0,0.92,0.3042305837177657
1512900.0,0.258940770915918,294.72317768725225,278.4,0.0,1.0,0.923125,0.31213632805017033
1513800.0,0.349729614391966,294.4508111568241,278.54999999999995,0.0,1.0,0.93,0.31743931849416973
1514700.0,0.3456656952008643,294.4630029143974,278.7,0.0,1.0,0.936875,0.3201035578970206
1515600.0,0.6569065278535504,294.52928041643935,278.84999999999997,0.0,1.0,0.9400000000000001,0.32011076400036687
1516500.0,0.48571161278490155,295.0428651616453,279.0,0.0,1.0,0.9400000000000001,0.3174609302047575
1517400.0,0.3728696609632607,295.3813910171102,279.15,0.0,1.0,0.9400000000000001,0.3121723268532475
1518300.0,0.37036129014133695,295.388916129576,279.29999999999995,0.0,1.0,0.9400000000000001,0.3042809429621711
1519200.0,0.05235604143573861,295.3429318756928,279.45,0.0,1.0,0.9400000000000001,0.2938394097725441
1520100.0,0.2250976162276667,294.824707151317,279.636328125,0.0,1.0,0.9400000000000001,0.2809154835993395
1521000.0,0.3150022771133081,294.5549931686601,279.871875,0.0,1.0,0.9400000000000001,0.26559019193079036
1521900.0,0.30930525781786855,294.5720842265464,280.12148437499997,0.0,1.0,0.9400000000000001,0.24795576112020945
1522800.0,0.618846577644149,294.64346026706755,280.34999999999997,0.0,1.0,0.9400000000000001,0.22811344597685035
1523700.0,0.4493310120580721,295.1520069638258,280.552734375,0.0,1.0,0.943125,0.2061713726489225
1524600.0,0.3395765368530874,295.48127038944074,280.75104166666665,0.0,1.0,0.9500000000000001,0.18224248924796593
1525500.0,0.3402567183609335,295.4792298449172,280.948828125,0.0,1.0,0.956875,0.156442697091836
1526400.0,0.023256706123030803,295.4302298816309,281.15,0.0,1.0,0.96,0.12888921251670804
1529100.0,0.5459593476384725,293.8621219570846,281.838671875,0.0,1.0,0.9538125,0.036871404327982304
1530000.0,0.7270741096452866,294.31877767106414,282.04999999999995,0.0,1.0,0.9500000000000001,0.0034589396367930014
1530900.0,0.4191223698637903,295.24263289040863,282.2115234375,0.0,1.0,0.94525,-0.031140443598465906
1531800.0,0.29647127275988316,295.61058618172035,282.3203125,0.0,1.0,0.9396666666666667,-0.06682154453491274
1532700.0,0.32736596448294597,295.51790210655116,282.39394531249997,0.0,1.0,0.93425,-0.10348229415074717
1533600.0,0.024478812758976193,295.42656356172307,282.45,0.0,1.0,0.93,-0.1410235766958967
1536300.0,0.5558168220406401,293.8325495338781,282.5121930803571,0.0,1.0,0.9305,-0.25797612780805124
1537200.0,0.7399472021117314,294.2801583936648,282.54999999999995,0.0,1.0,0.93,-0.29809355789502945
1538100.0,0.4311895540269385,295.2064313379192,282.6352678571428,0.0,1.0,0.9259843750000001,-0.33862462454251707
1539000.0,0.29546554304958283,295.61360337085125,282.75357142857143,0.0,1.0,0.919625,-0.3794768450193482
1539900.0,0.31767731730040316,295.5469680480988,282.87008928571424,0.0,1.0,0.9134531250000001,-0.42055582188826013
1540800.0,0.015819381027389074,295.45254185691783,282.95,0.0,1.0,0.91,-0.4617639875321564
1543500.0,0.5132329041778121,293.96030128746656,282.978125,0.0,1.0,0.9157421875,-0.5851081660639039
1544400.0,0.7153669030467047,294.3538992908599,282.95,0.0,1.0,0.92,-0.6257378713861099
1545300.0,0.4191640513518185,295.24250784594454,282.88671875,0.0,1.0,0.9265234375,-0.6659013122398689
1546200.0,0.2869166947862519,295.63924991564124,282.7895833333333,0.0,1.0,0.9355208333333334,-0.7054415425169256
1547100.0,0.30741892413849803,295.5777432275845,282.69765624999997,0.0,1.0,0.9442578125000001,-0.7441817474194452
1548000.0,0.004224544356664713,295.48732636693,282.65,0.0,1.0,0.9500000000000001,-0.7819212940834306
1550700.0,0.5129811549038739,293.9610565352884,282.82343749999995,0.0,1.0,0.9325446428571429,-0.8866830120102942
1551600.0,0.7133227223879051,294.3600318328363,282.84999999999997,0.0,1.0,0.93,-0.9177906534365592
1552500.0,0.4178912445127404,295.2463262664618,282.83484375,0.0,1.0,0.9343303571428571,-0.9463986847083206
1553400.0,0.28448162910202274,295.64655511269393,282.81374999999997,0.0,1.0,0.9410714285714287,-0.9720966771230963
1554300.0,0.30591458903173435,295.5822562329048,282.78578124999996,0.0,1.0,0.9472767857142858,-0.9944495342447639
1555200.0,0.004261195626251416,295.48721641312125,282.75,0.0,1.0,0.9500000000000001,-1.0130159963486824
1557900.0,0.5102838103154756,293.9691485690536,282.59484375,0.0,1.0,0.9500000000000001,-1.0421155405150282
1558800.0,0.7114060519734267,294.3657818440797,282.54999999999995,0.0,1.0,0.9500000000000001,-1.0420804984433558
1559700.0,0.41610262533189746,295.2516921240043,282.52328124999997,0.0,1.0,0.9500000000000001,-1.0370615670285286
1560600.0,0.28357293466748007,295.64928119599756,282.51624999999996,0.0,1.0,0.9500000000000001,-1.0272042108183839
1561500.0,0.3065060171328847,295.58048194860135,282.52609375,0.0,1.0,0.9500000000000001,-1.0127795945286824
1562400.0,0.006343477936165224,295.4809695661915,282.54999999999995,0.0,1.0,0.9500000000000001,-0.9941521129017281
1565100.0,0.5096631486581297,293.9710105540256,282.80875,0.0,1.0,0.93453125,-0.9173313546045816
1566000.0,0.7072996068709472,294.37810117938716,282.84999999999997,0.0,1.0,0.93,-0.8861755934857882
1566900.0,0.40905585087493057,295.2728324473752,282.84999999999997,0.0,1.0,0.928125,-0.8528976309264023
1567800.0,0.27700483785012386,295.6689854864496,282.84999999999997,0.0,1.0,0.9275,-0.8178331990501193
1568700.0,0.30071915643782177,295.59784253068653,282.84999999999997,0.0,1.0,0.928125,-0.7812791246132069
1569600.0,0.0,295.50811145911746,282.84999999999997,0.0,1.0,0.93,-0.743495994802152
1572300.0,0.49504681098161046,294.01485956705517,282.84999999999997,0.0,1.0,0.94565625,-0.6249188580708136
1573200.0,0.6991114412139723,294.4026656763581,282.84999999999997,0.0,1.0,0.9500000000000001,-0.5842426757101911
1574100.0,0.4081278864771699,295.2756163405685,282.83671875,0.0,1.0,0.9520000000000001,-0.5432393028961622
1575000.0,0.27706676421936055,295.6687997073419,282.80625,0.0,1.0,0.9523333333333334,-0.5020358478222389
1575900.0,0.3002198296740062,295.599340510978,282.77265624999995,0.0,1.0,0.9515000000000001,-0.4607488694803248
1576800.0,0.0,295.50775119276625,282.75,0.0,1.0,0.9500000000000001,-0.4194866687304937
1579500.0,0.49358368531795804,294.0192489440461,282.93046875,0.0,1.0,0.9243750000000001,-0.2968472340504569
1580400.0,0.6953703135936848,294.41388905921895,282.95,0.0,1.0,0.92,-0.2566652315670177
1581300.0,0.40272984595336914,295.2918104621399,282.8953125,0.0,1.0,0.926015625,-0.2169855604056521
1582200.0,0.27374703220645336,295.67875890338064,282.8041666666666,0.0,1.0,0.9393750000000001,-0.17789989576861998
1583100.0,0.2963120932856782,295.61106372014297,282.7109375,0.0,1.0,0.9530468750000001,-0.13950085826111525
1584000.0,0.0,295.5138011806305,282.65,0.0,1.0,0.96,-0.10188270629662877
1586700.0,0.49456405239398765,294.01630784281804,282.56640625,0.0,1.0,0.961359375,0.005308054198015499
1587600.0,0.6995087992198705,294.4014736023404,282.54999999999995,0.0,1.0,0.96,0.03880977513479844
1588500.0,0.4083389637361279,295.2749831087916,282.53828124999995,0.0,1.0,0.9579375,0.07101902987244757
1589400.0,0.27657671155914915,295.67026986532255,282.53125,0.0,1.0,0.9556666666666667,0.10182424963393077
1590300.0,0.29856506124970866,295.6043048162509,282.53359374999997,0.0,1.0,0.9530625,0.13111117888008117
1591200.0,0.0,295.5089295322454,282.54999999999995,0.0,1.0,0.9500000000000001,0.1587634668104052
1593900.0,0.48463303425796767,294.0461008972261,282.68828125,0.0,1.0,0.9349107142857144,0.23073711029834243
1594800.0,0.687750677815302,294.4367479665541,282.75,0.0,1.0,0.93,0.25068052935604257
1595700.0,0.3909618457677955,295.3271144626966,282.81562499999995,0.0,1.0,0.9282924107142857,0.268414950176302
1596600.0,0.25720798883223017,295.7283760335033,282.8875,0.0,1.0,0.9297321428571429,0.28383833001460945
1597500.0,0.2766417800012656,295.6700746599962,282.965625,0.0,1.0,0.9313058035714287,0.29685762884192357
1598400.0,0.0,295.5881905305881,283.04999999999995,0.0,1.0,0.93,0.3073910044890249
1601100.0,0.4140133155573267,294.257960053328,283.43484374999997,0.0,1.0,0.881484375,0.3234676061172226
1602000.0,0.6377938482600408,294.5866184552199,283.54999999999995,0.0,1.0,0.87,0.323530951819319
1602900.0,0.36259285720509143,295.4122214283847,283.635859375,0.0,1.0,0.8659821428571429,0.32093063444486125
1603800.0,0.23385855717428208,295.79842432847715,283.700625,0.0,1.0,0.8642857142857143,0.31568468292729235
1604700.0,0.2487747651385348,295.7536757045844,283.74007812499997,0.0,1.0,0.8654464285714286,0.3078289956828857
1605600.0,0.0,295.67033133449803,283.75,0.0,1.0,0.87,0.2974162608713382
1608300.0,0.36704270086024354,294.39887189741927,283.686953125,0.0,1.0,0.8931428571428572,0.25158014381729843
1609200.0,0.6142919667745824,294.65712409967625,283.65,0.0,1.0,0.9,0.23174208280169473
1610100.0,0.3545074749883573,295.4364775750349,283.6009375,0.0,1.0,0.9058750000000001,0.2097993364076216
1611000.0,0.2294991409119878,295.81150257726404,283.54249999999996,0.0,1.0,0.9113333333333334,0.18586543833695668
1611900.0,0.24774584726458215,295.75676245820625,283.48781249999996,0.0,1.0,0.916125,0.16005689102154008
1612800.0,0.0,295.6685940027156,283.45,0.0,1.0,0.92,0.13249151128130499
1615500.0,0.3687874881347473,294.39363753559576,283.43828125,0.0,1.0,0.921328125,0.04042492633028805
1616400.0,0.6164302626683025,294.6507092119951,283.45,0.0,1.0,0.92,0.006993617241710659
1617300.0,0.36062561301158286,295.41812316096525,283.46901041666666,0.0,1.0,0.918046875,-0.02762509646770872
1618200.0,0.24280766427312983,295.7715770071806,283.49652777777777,0.0,1.0,0.914375,-0.06332558141397326
1619100.0,0.26390132027897073,295.7082960391631,283.52578124999997,0.0,1.0,0.908515625,-0.10000536866268517
1620000.0,0.0,295.61842967724414,283.54999999999995,0.0,1.0,0.9,-0.1375649725737378
1622700.0,0.4095285367040636,294.2714143898878,283.5395833333333,0.0,0.7589285714285716,0.8452500000000001,-0.25456487281172224
1623600.0,0.64914572021803,294.5525628393459,283.45,0.0,0.7000000000000001,0.8200000000000001,-0.29469454478300783
1624500.0,0.3831293601678377,295.3506119194965,283.2880681818182,0.0,0.7232142857142857,0.7917142857142858,-0.33523562153766173
1625400.0,0.25682645751938554,295.72952062744184,283.0681818181818,0.0,0.8,0.7605714285714286,-0.3760953623839478
1626300.0,0.27807975714559535,295.6657607285632,282.8142045454545,0.0,0.8767857142857143,0.7291428571428571,-0.41717912242898425
1627200.0,0.0,295.56267410842935,282.54999999999995,0.0,0.9,0.7000000000000001,-0.45838909741485123
1629900.0,0.47252961779281577,294.08241114662155,281.7335836038961,0.0,0.7272321428571429,0.630625,-0.5817187238601584
1630800.0,0.6944533116057224,294.41664006518283,281.45,0.0,0.7000000000000001,0.62,-0.6223363354396425
1631700.0,0.4079171075887871,295.27624867723364,281.11205357142853,0.0,0.7000000000000001,0.6181460084033613,-0.6624838835190356
1632600.0,0.2781061521300595,295.6656815436098,280.7178571428571,0.0,0.7000000000000001,0.622436974789916,-0.7020044335821187
1633500.0,0.3085933908308599,295.5742198275074,280.33973214285714,0.0,0.7000000000000001,0.6305094537815127,-0.7407213133445572
1634400.0,0.012421181886319724,295.46273645434104,280.04999999999995,0.0,0.7000000000000001,0.64,-0.7784342190857001
1637100.0,0.5451383900344808,293.86458482989656,279.8256696428571,0.0,0.7000000000000001,0.6818428308823529,-0.8831038677945386
1638000.0,0.7335401047172543,294.29937968584824,279.84999999999997,0.0,0.7000000000000001,0.6900000000000001,-0.9141815383618423
1638900.0,0.42231803511871624,295.23304589464385,279.9009375,0.0,0.7000000000000001,0.688515625,-0.9427637998465563
1639800.0,0.28712504719590015,295.6386248584123,279.97749999999996,0.0,0.7000000000000001,0.680625,-0.9684435419557631
1640700.0,0.31465144887232555,295.556045653383,280.04031249999997,0.0,0.7000000000000001,0.6724218750000001,-0.990789590817605
1641600.0,0.016989449164877136,295.44903165250537,280.04999999999995,0.0,0.7000000000000001,0.67,-1.0093649389726185
1644300.0,0.5645516880356354,293.8063449358931,279.91078124999996,0.0,0.7000000000000001,0.6775,-1.0386209751264572
1645200.0,0.7477818486329776,294.25665445410107,279.84999999999997,0.0,0.7000000000000001,0.68,-1.0386860640414377
1646100.0,0.4338306825644243,295.1985079523067,279.78515625,0.0,0.6902343750000001,0.6825,-1.0337882501528286
1647000.0,0.29950106589425707,295.60149680231723,279.71458333333334,0.0,0.665625,0.685,-1.024068111003127
1647900.0,0.3335888100726834,295.49923356978195,279.63671875,0.0,0.6332031250000001,0.6875,-1.0097907947884512
1648800.0,0.03587724212659774,295.3923682736202,279.54999999999995,0.0,0.6000000000000001,0.6900000000000001,-0.991314491065995
1651500.0,0.6073490380251958,293.6779528859244,278.984375,0.0,0.41132812500000004,0.6975,-0.9149200979850995
1652400.0,0.7777316487088985,294.1668050538733,278.84999999999997,0.0,0.4,0.7000000000000001,-0.8838864257508492
1653300.0,0.4535581500656273,295.1393255498031,278.7830078125,0.0,0.42500000000000004,0.703828125,-0.8507178125375932
1654200.0,0.31679191128726336,295.5496242661382,278.72968749999995,0.0,0.45,0.709375,-0.8157495920928728
1655100.0,0.3508011189570652,295.4475966431288,278.6865234375,0.0,0.47500000000000003,0.715234375,-0.7792786992554235
1656000.0,0.05571162935192812,295.3328651119442,278.65,0.0,0.5,0.72,-0.7415661522662407
1656900.0,0.2323873507700303,294.8028379476899,278.6267578125,0.0,0.525,0.721640625,-0.7028408125548822
1657800.0,0.3262022677867738,294.5213931966397,278.6140625,0.0,0.55,0.720625,-0.6633036036932594
1658700.0,0.32700292370085055,294.51899122889745,278.5943359375,0.0,0.5750000000000001,0.7192968750000001,-0.6231317017708693
1659600.0,0.6385238746495361,294.5844283760514,278.54999999999995,0.0,0.6000000000000001,0.72,-0.5824824382007199
1660500.0,0.47214575196801434,295.08356274409596,278.46640625,0.0,0.6156250000000001,0.725625,-0.5414968014050756
1661400.0,0.36705176632089354,295.3988447010373,278.35625,0.0,0.6166666666666667,0.735,-0.5003025094975944
1662300.0,0.36891512230495965,295.3932546330851,278.24296875,0.0,0.609375,0.744375,-0.45901667229977683
1663200.0,0.058083423920095356,295.3257497282397,278.15,0.0,0.6000000000000001,0.75,-0.4177480828093476
1664100.0,0.2384142519613306,294.784757244116,278.075,0.0,0.5875,0.7491875,-0.37659918569309814
1665000.0,0.3365058051742456,294.49048258447726,278.0,0.0,0.5666666666666668,0.7445,-0.3356677699271018
1665900.0,0.33794036410226147,294.4861789076932,277.92499999999995,0.0,0.5375,0.7400625,-0.2950484282177974
1666800.0,0.6529119586474508,294.54126412405765,277.84999999999997,0.0,0.5,0.74,-0.25483381953130024
1667700.0,0.4875189578805248,295.0374431263584,277.775,0.0,0.44107142857142856,0.7446250000000001,-0.21511576413091138
1668600.0,0.37794031689444785,295.36617904931666,277.7,0.0,0.3595238095238095,0.7505,-0.17598619356844392
1669500.0,0.38178028201779546,295.3546591539466,277.625,0.0,0.27321428571428574,0.7561249999999999,-0.1375379713420899
1670400.0,0.0716051100534211,295.28518466983974,277.54999999999995,0.0,0.2,0.76,-0.09986559348948743
1671300.0,0.251505414732757,294.74548375580173,277.48652343749995,0.0,0.15022321428571428,0.7625000000000001,-0.06306577222503096
1672200.0,0.34862845568001904,294.45411463295994,277.4390625,0.0,0.11964285714285716,0.765,-0.027237899835361956
1673100.0,0.34833241334318166,294.45500275997045,277.3970703125,0.0,0.10424107142857145,0.7675000000000001,0.007515615560982791
1674000.0,0.6615028490906145,294.51549145272816,277.34999999999997,0.0,0.1,0.77,0.04108915600686491
1674900.0,0.4953958470506071,295.0138124588482,277.2807421875,0.0,0.16458333333333336,0.7725,0.07337385970753219
1675800.0,0.38796731359294273,295.3360980592212,277.19343749999996,0.0,0.3055555555555556,0.775,0.10425776901053574
1676700.0,0.38846934058731597,295.33459197823805,277.1094140625,13.11607142857143,0.44375000000000003,0.7775,0.13362618465391662
1677600.0,0.06486652657319306,295.3054004202804,277.04999999999995,46.892857142857146,0.5,0.78,0.16136225087320244
1678500.0,0.2201990208781505,294.83940293736555,277.05812499999996,92.97321428571426,0.43125,0.7805,0.18734779352193032
1679400.0,0.2812527692531527,294.65624169224054,277.145,143.0,0.29444444444444445,0.778,0.2114644274387918
1680300.0,0.24334921271815801,294.7699523618455,277.28437499999995,192.54966957255343,0.16041666666666665,0.774,0.23359493924998498
1681200.0,0.5189429152965392,294.9431712541104,277.45,242.66816647919006,0.1,0.77,0.2536249372802677
1682100.0,0.29560666651480005,295.6131800004556,277.62609375,293.2025801462317,0.1,0.7660446428571429,0.27144474143443387
1683000.0,0.13736680668254544,296.08789957995236,277.81624999999997,344.0,0.1,0.7612857142857143,0.28695146371728364
1683900.0,0.0973052843867966,296.2080841468396,278.02328124999997,397.0239689071246,0.1,0.7558839285714286,0.3000512062967162
1684800.0,0.0,296.235590355685,278.25,452.18596432976,0.1,0.75,0.3106612813962324
1687500.0,0.0,296.7184918402106,279.11015625,586.3416238483345,0.1,0.7108928571428571,0.3269378285729063
1690200.0,0.0,297.63886473696175,279.7170454545454,572.0,0.1,0.703,0.3192976480051688
1692900.0,0.0,298.4028146009805,280.2171519886363,539.995955882353,0.1125,0.6993984375,0.2882068664371338
1695600.0,0.0,298.85601819783324,280.65,452.36775599128543,0.2,0.66,0.2354561960358652
1698300.0,0.0,299.00443729241704,280.5727627840909,348.74650297619047,0.19375,0.6914765625,0.16374840325836715
1701000.0,0.0,298.92327192074276,280.6738636363636,239.0,0.29583333333333334,0.71075,0.0762011072502713
1703700.0,0.0,298.6538865706137,280.71718749999997,73.65135828267478,0.41171875,0.7229921874999999,-0.024046704971922628
1706400.0,0.0,297.7358810441761,280.54999999999995,5.259308510638299,0.4,0.73,-0.13404864696284013
1709100.0,0.0,297.04787146034926,280.3125,0.0,0.56171875,0.7614765625,-0.25109969861596326
1711800.0,0.0,296.5548991505311,280.19062499999995,0.0,0.38333333333333336,0.778,-0.37266206922450085
1714500.0,0.0,296.13754727656817,280.10703125,0.0,0.2579545454545455,0.779,-0.4961949979105724
1717200.0,0.24719903005027768,295.75840290984917,279.95,0.0,0.5,0.77,-0.6188812488078814
1718100.0,0.1916348661983041,295.9250954014051,280.00898437499995,0.0,0.5986363636363636,0.7632500000000001,-0.6590117085577414
1719000.0,0.13691237571189654,296.0892628728643,280.171875,0.0,0.7054545454545456,0.7540000000000001,-0.6985110846315918
1719900.0,0.12398656231577357,296.1280403130527,280.323828125,0.0,0.8095454545454546,0.7452500000000001,-0.7372028301967557
1720800.0,0.0,296.09910486945813,280.34999999999997,0.0,0.9,0.74,-0.7748869533997058
1723500.0,0.017233610314254594,295.44829916905724,280.125,0.0,0.9400000000000001,0.738125,-0.8794559570715097
1726200.0,0.5107724124024458,294.96768276279266,279.9,0.0,0.6652777777777779,0.745,-0.9647096976604783
1727100.0,0.3460442305726398,295.4618673082821,279.825,0.0,0.5401041666666667,0.7475,-0.9870442738014975
1728000.0,0.0,295.88266894617266,279.75,0.0,0.5,0.75,-1.0056235908483488
